Match Date,Player 1 Name,Player 2 Name,Player 1 Ranking,Player 2 Ranking,Player 1 Recent Form,Player 2 Recent Form,Head-to-Head Record,Surface,Weather Conditions,Match Outcome
2023-07-01,Player A,Player B,5,10,0.8,0.7,3-2,Grass,Sunny,Player A
2023-07-01,Player C,Player D,2,8,0.9,0.6,4-1,Grass,Cloudy,Player C
2023-07-02,Player E,Player F,12,6,0.75,0.65,1-2,Grass,Rainy,Player F
2023-07-02,Player G,Player H,7,15,0.7,0.5,2-3,Grass,Sunny,Player G
2023-07-03,Player I,Player J,9,11,0.6,0.55,3-3,Grass,Overcast,Player I
2023-07-03,Player K,Player L,1,3,0.85,0.7,7-2,Grass,Sunny,Player K
2023-07-04,Player M,Player N,13,9,0.7,0.6,2-5,Grass,Cloudy,Player M
2023-07-04,Player O,Player P,6,12,0.75,0.65,4-3,Grass,Rainy,Player O
2023-07-05,Player Q,Player R,4,14,0.8,0.5,5-2,Grass,Sunny,Player Q
2023-07-05,Player S,Player T,8,16,0.7,0.55,1-2,Grass,Overcast,Player S
2023-07-06,Player U,Player V,15,7,0.6,0.7,1-3,Grass,Sunny,Player V
2023-07-06,Player W,Player X,3,4,0.85,0.85,6-4,Grass,Cloudy,Player W
2023-07-07,Player Y,Player Z,11,13,0.65,0.55,2-1,Grass,Rainy,Player Y
2023-07-07,Player AA,Player BB,14,5,0.7,0.75,3-4,Grass,Sunny,Player AA
2023-07-08,Player CC,Player DD,10,8,0.8,0.65,4-2,Grass,Overcast,Player CC
2023-07-08,Player EE,Player FF,7,6,0.75,0.7,5-3,Grass,Cloudy,Player EE
2023-07-09,Player GG,Player HH,12,3,0.7,0.8,3-4,Grass,Rainy,Player HH
2023-07-09,Player II,Player JJ,8,11,0.6,0.65,1-2,Grass,Sunny,Player II
2023-07-10,Player KK,Player LL,4,9,0.85,0.55,6-3,Grass,Overcast,Player KK
2023-07-10,Player MM,Player NN,2,7,0.9,0.7,5-1,Grass,Cloudy,Player MM
2023-07-11,Player OO,Player PP,6,10,0.75,0.6,3-3,Grass,Sunny,Player OO
2023-07-11,Player QQ,Player RR,1,8,0.9,0.65,7-2,Grass,Overcast,Player QQ
