Match Date,Player 1,Player 2,Player 1 Ranking,Player 2 Ranking,Player 1 Form,Player 2 Form,Head-to-Head Record,Surface,Weather,Match Outcome
2022-07-13,Frances Tiafoe,Carlos Alcaraz,1,9,0.79,0.65,1-1,Grass,Cloudy,Frances Tiafoe
2022-06-20,Carlos Alcaraz,Frances Tiafoe,18,3,0.63,0.87,4-3,Grass,Sunny,Frances Tiafoe
2022-07-12,Carlos Alcaraz,Jannik Sinner,8,17,0.65,0.56,4-0,Grass,Cloudy,Carlos Alcaraz
2022-07-15,Frances Tiafoe,Andrey Rublev,14,8,0.77,0.75,3-4,Grass,Rainy,Andrey Rublev
2022-07-20,Novak Djokovic,Daniil Medvedev,14,11,0.56,0.69,2-1,Grass,Cloudy,Novak Djokovic
2022-07-09,Stefanos Tsitsipas,Carlos Alcaraz,3,13,0.67,0.57,0-2,Grass,Rainy,Carlos Alcaraz
2022-07-07,Alexander Zverev,Novak Djokovic,15,18,0.62,0.38,0-3,Grass,Sunny,Novak Djokovic
2022-06-21,Alexander Zverev,Frances Tiafoe,20,12,0.38,0.57,4-1,Grass,Sunny,Alexander Zverev
2022-06-28,Frances Tiafoe,Jannik Sinner,10,3,0.55,0.75,1-0,Grass,Windy,Jannik Sinner
2022-07-11,Holger Rune,Frances Tiafoe,12,6,0.54,0.55,2-2,Grass,Cloudy,Frances Tiafoe
2022-06-25,Alexander Zverev,Frances Tiafoe,3,20,0.87,0.53,5-1,Grass,Cloudy,Alexander Zverev
2022-07-16,Holger Rune,Casper Ruud,9,18,0.67,0.43,1-5,Grass,Rainy,Casper Ruud
2022-06-26,Novak Djokovic,Jannik Sinner,2,11,0.68,0.65,3-2,Grass,Sunny,Novak Djokovic
2022-06-24,Taylor Fritz,Stefanos Tsitsipas,7,16,0.56,0.63,3-5,Grass,Windy,Stefanos Tsitsipas
2022-07-18,Alexander Zverev,Daniil Medvedev,8,18,0.61,0.54,4-2,Grass,Windy,Alexander Zverev
2022-06-22,Taylor Fritz,Casper Ruud,12,8,0.57,0.86,1-4,Grass,Windy,Casper Ruud
2022-07-02,Novak Djokovic,Carlos Alcaraz,5,6,0.7,0.58,5-3,Grass,Sunny,Novak Djokovic
2022-07-11,Casper Ruud,Taylor Fritz,15,17,0.68,0.46,2-4,Grass,Sunny,Taylor Fritz
2022-06-29,Hubert Hurkacz,Carlos Alcaraz,18,9,0.59,0.46,5-2,Grass,Sunny,Hubert Hurkacz
2022-07-06,Casper Ruud,Daniil Medvedev,15,1,0.47,0.76,5-5,Grass,Rainy,Daniil Medvedev
2022-06-24,Daniil Medvedev,Andrey Rublev,4,10,0.78,0.67,5-4,Grass,Cloudy,Daniil Medvedev
2022-07-05,Stefanos Tsitsipas,Daniil Medvedev,18,17,0.56,0.55,0-4,Grass,Rainy,Daniil Medvedev
2022-07-18,Novak Djokovic,Carlos Alcaraz,12,10,0.48,0.58,1-0,Grass,Cloudy,Novak Djokovic
2022-06-24,Taylor Fritz,Carlos Alcaraz,3,16,0.67,0.7,0-4,Grass,Cloudy,Carlos Alcaraz
2022-07-20,Frances Tiafoe,Holger Rune,18,6,0.6,0.51,2-4,Grass,Windy,Holger Rune
2022-07-04,Jannik Sinner,Andrey Rublev,7,10,0.71,0.61,3-5,Grass,Rainy,Andrey Rublev
2022-06-20,Andrey Rublev,Holger Rune,4,8,0.64,0.73,1-0,Grass,Rainy,Andrey Rublev
2022-07-12,Taylor Fritz,Andrey Rublev,8,19,0.77,0.65,1-0,Grass,Sunny,Taylor Fritz
2022-07-06,Frances Tiafoe,Novak Djokovic,8,3,0.59,0.69,0-2,Grass,Sunny,Novak Djokovic
2022-06-27,Jannik Sinner,Alexander Zverev,16,7,0.62,0.78,4-1,Grass,Windy,Jannik Sinner
2022-07-01,Holger Rune,Casper Ruud,7,4,0.63,0.69,0-5,Grass,Windy,Casper Ruud
2022-06-21,Casper Ruud,Hubert Hurkacz,15,2,0.49,0.61,5-5,Grass,Sunny,Hubert Hurkacz
2022-06-24,Casper Ruud,Stefanos Tsitsipas,4,8,0.79,0.81,1-1,Grass,Windy,Casper Ruud
2022-07-15,Casper Ruud,Daniil Medvedev,9,15,0.65,0.7,1-0,Grass,Windy,Casper Ruud
2022-06-25,Andrey Rublev,Carlos Alcaraz,2,18,0.77,0.51,0-0,Grass,Cloudy,Andrey Rublev
2022-07-02,Casper Ruud,Holger Rune,16,7,0.63,0.83,3-0,Grass,Cloudy,Casper Ruud
2022-06-24,Novak Djokovic,Casper Ruud,9,15,0.66,0.76,2-3,Grass,Windy,Casper Ruud
2022-07-13,Jannik Sinner,Alexander Zverev,7,2,0.42,0.81,4-5,Grass,Sunny,Alexander Zverev
2022-06-21,Stefanos Tsitsipas,Novak Djokovic,2,19,0.74,0.53,3-4,Grass,Cloudy,Stefanos Tsitsipas
2022-07-02,Andrey Rublev,Carlos Alcaraz,6,3,0.7,0.52,4-0,Grass,Cloudy,Andrey Rublev
2022-07-03,Carlos Alcaraz,Taylor Fritz,8,19,0.65,0.6,4-0,Grass,Sunny,Carlos Alcaraz
2022-07-11,Frances Tiafoe,Taylor Fritz,19,17,0.71,0.53,2-2,Grass,Cloudy,Frances Tiafoe
2022-07-04,Hubert Hurkacz,Stefanos Tsitsipas,8,9,0.59,0.61,3-1,Grass,Rainy,Hubert Hurkacz
2022-06-22,Stefanos Tsitsipas,Carlos Alcaraz,1,15,0.83,0.63,4-4,Grass,Sunny,Stefanos Tsitsipas
2022-07-18,Andrey Rublev,Jannik Sinner,17,9,0.53,0.71,1-2,Grass,Sunny,Jannik Sinner
2022-07-09,Jannik Sinner,Stefanos Tsitsipas,10,6,0.66,0.79,3-4,Grass,Rainy,Stefanos Tsitsipas
2022-07-20,Frances Tiafoe,Andrey Rublev,1,18,0.67,0.54,2-5,Grass,Sunny,Frances Tiafoe
2022-06-28,Daniil Medvedev,Alexander Zverev,4,4,0.67,0.56,5-4,Grass,Cloudy,Daniil Medvedev
2022-07-06,Alexander Zverev,Taylor Fritz,7,11,0.71,0.67,1-5,Grass,Rainy,Taylor Fritz
2022-06-21,Holger Rune,Alexander Zverev,2,3,0.73,0.7,5-3,Grass,Rainy,Holger Rune
2022-07-07,Novak Djokovic,Stefanos Tsitsipas,5,9,0.56,0.62,1-5,Grass,Windy,Stefanos Tsitsipas
2022-07-07,Hubert Hurkacz,Casper Ruud,18,1,0.54,0.66,0-0,Grass,Cloudy,Casper Ruud
2022-06-21,Novak Djokovic,Stefanos Tsitsipas,19,18,0.54,0.61,1-3,Grass,Cloudy,Stefanos Tsitsipas
2022-07-11,Alexander Zverev,Stefanos Tsitsipas,2,12,0.92,0.65,1-5,Grass,Cloudy,Stefanos Tsitsipas
2022-07-19,Carlos Alcaraz,Stefanos Tsitsipas,18,14,0.6,0.6,4-5,Grass,Cloudy,Stefanos Tsitsipas
2022-07-15,Jannik Sinner,Daniil Medvedev,6,14,0.5,0.61,0-1,Grass,Rainy,Daniil Medvedev
2022-07-02,Casper Ruud,Frances Tiafoe,8,9,0.68,0.91,1-5,Grass,Sunny,Frances Tiafoe
2022-07-16,Novak Djokovic,Holger Rune,8,7,0.65,0.71,3-2,Grass,Rainy,Novak Djokovic
2022-07-17,Jannik Sinner,Hubert Hurkacz,1,7,0.74,0.56,3-2,Grass,Rainy,Jannik Sinner
2022-07-20,Carlos Alcaraz,Alexander Zverev,12,17,0.74,0.66,3-5,Grass,Rainy,Alexander Zverev
2022-06-23,Novak Djokovic,Carlos Alcaraz,9,6,0.74,0.6,4-2,Grass,Sunny,Novak Djokovic
2022-07-02,Taylor Fritz,Casper Ruud,12,11,0.77,0.5,3-4,Grass,Sunny,Taylor Fritz
2022-07-06,Taylor Fritz,Jannik Sinner,9,2,0.72,0.95,5-3,Grass,Sunny,Jannik Sinner
2022-07-09,Andrey Rublev,Frances Tiafoe,7,12,0.58,0.57,3-0,Grass,Rainy,Andrey Rublev
2022-06-30,Stefanos Tsitsipas,Frances Tiafoe,4,10,0.72,0.6,4-2,Grass,Windy,Stefanos Tsitsipas
2022-07-11,Casper Ruud,Alexander Zverev,18,5,0.41,0.71,1-3,Grass,Windy,Alexander Zverev
2022-06-29,Hubert Hurkacz,Daniil Medvedev,20,19,0.44,0.61,2-3,Grass,Sunny,Daniil Medvedev
2022-07-04,Alexander Zverev,Jannik Sinner,14,19,0.52,0.71,4-5,Grass,Rainy,Jannik Sinner
2022-07-11,Holger Rune,Hubert Hurkacz,7,17,0.6,0.55,3-5,Grass,Cloudy,Hubert Hurkacz
2022-07-11,Carlos Alcaraz,Alexander Zverev,17,20,0.66,0.43,2-0,Grass,Cloudy,Carlos Alcaraz
2022-07-05,Alexander Zverev,Jannik Sinner,7,5,0.7,0.83,0-0,Grass,Cloudy,Jannik Sinner
2022-07-12,Taylor Fritz,Carlos Alcaraz,15,14,0.44,0.63,5-4,Grass,Cloudy,Carlos Alcaraz
2022-07-18,Hubert Hurkacz,Casper Ruud,16,13,0.62,0.7,1-1,Grass,Sunny,Casper Ruud
2022-06-21,Carlos Alcaraz,Casper Ruud,8,6,0.55,0.56,5-4,Grass,Windy,Carlos Alcaraz
2022-07-20,Andrey Rublev,Jannik Sinner,4,15,0.76,0.63,1-3,Grass,Rainy,Jannik Sinner
2022-07-13,Holger Rune,Taylor Fritz,17,14,0.61,0.64,4-3,Grass,Cloudy,Holger Rune
2022-07-10,Holger Rune,Hubert Hurkacz,9,8,0.59,0.69,5-2,Grass,Windy,Holger Rune
2022-06-28,Jannik Sinner,Alexander Zverev,15,3,0.63,0.65,5-2,Grass,Cloudy,Jannik Sinner
2022-07-02,Stefanos Tsitsipas,Hubert Hurkacz,18,3,0.76,0.77,1-1,Grass,Cloudy,Hubert Hurkacz
2022-07-07,Hubert Hurkacz,Daniil Medvedev,7,3,0.56,0.79,3-3,Grass,Rainy,Daniil Medvedev
2022-07-17,Holger Rune,Casper Ruud,2,7,0.63,0.76,3-3,Grass,Sunny,Holger Rune
2022-07-17,Taylor Fritz,Casper Ruud,16,1,0.71,0.66,2-2,Grass,Windy,Casper Ruud
2022-06-28,Casper Ruud,Andrey Rublev,18,20,0.67,0.59,1-3,Grass,Cloudy,Andrey Rublev
2022-07-13,Casper Ruud,Holger Rune,1,13,0.82,0.81,2-5,Grass,Windy,Casper Ruud
2022-07-08,Daniil Medvedev,Holger Rune,5,20,0.68,0.47,4-0,Grass,Windy,Daniil Medvedev
2022-07-17,Taylor Fritz,Frances Tiafoe,1,3,0.65,0.64,5-3,Grass,Cloudy,Taylor Fritz
2022-07-04,Holger Rune,Daniil Medvedev,2,9,0.72,0.69,3-2,Grass,Cloudy,Holger Rune
2022-07-05,Stefanos Tsitsipas,Hubert Hurkacz,13,9,0.65,0.74,3-2,Grass,Sunny,Stefanos Tsitsipas
2022-07-14,Novak Djokovic,Andrey Rublev,2,12,0.73,0.78,1-5,Grass,Sunny,Andrey Rublev
2022-06-27,Frances Tiafoe,Novak Djokovic,1,8,0.71,0.94,1-0,Grass,Cloudy,Frances Tiafoe
2022-07-14,Daniil Medvedev,Holger Rune,4,19,0.77,0.47,1-3,Grass,Rainy,Daniil Medvedev
2022-07-14,Stefanos Tsitsipas,Daniil Medvedev,20,20,0.44,0.6,5-5,Grass,Sunny,Daniil Medvedev
2022-07-02,Daniil Medvedev,Alexander Zverev,4,19,0.69,0.63,0-2,Grass,Windy,Alexander Zverev
2022-06-23,Hubert Hurkacz,Jannik Sinner,3,19,0.77,0.55,5-5,Grass,Cloudy,Hubert Hurkacz
2022-07-07,Hubert Hurkacz,Alexander Zverev,20,4,0.47,0.56,4-0,Grass,Rainy,Hubert Hurkacz
2022-06-20,Casper Ruud,Frances Tiafoe,12,3,0.59,0.81,4-5,Grass,Rainy,Frances Tiafoe
2022-07-12,Casper Ruud,Holger Rune,4,14,0.73,0.49,2-5,Grass,Windy,Holger Rune
2022-07-04,Daniil Medvedev,Casper Ruud,6,17,0.71,0.62,5-2,Grass,Windy,Daniil Medvedev
2022-07-18,Casper Ruud,Taylor Fritz,9,11,0.57,0.66,1-0,Grass,Rainy,Casper Ruud
2022-06-30,Holger Rune,Jannik Sinner,15,19,0.61,0.45,4-5,Grass,Windy,Holger Rune
2022-07-15,Novak Djokovic,Holger Rune,11,6,0.68,0.75,3-1,Grass,Rainy,Novak Djokovic
2022-07-06,Alexander Zverev,Stefanos Tsitsipas,9,20,0.77,0.66,5-2,Grass,Sunny,Alexander Zverev
2022-07-12,Jannik Sinner,Carlos Alcaraz,8,14,0.53,0.52,3-4,Grass,Cloudy,Carlos Alcaraz
2022-06-27,Holger Rune,Frances Tiafoe,16,15,0.64,0.65,0-0,Grass,Rainy,Frances Tiafoe
2022-07-03,Casper Ruud,Jannik Sinner,10,19,0.7,0.95,2-3,Grass,Rainy,Jannik Sinner
2022-06-29,Hubert Hurkacz,Andrey Rublev,11,12,0.7,0.74,5-3,Grass,Rainy,Hubert Hurkacz
2022-06-26,Alexander Zverev,Jannik Sinner,4,7,0.81,0.75,2-0,Grass,Cloudy,Alexander Zverev
2022-06-23,Jannik Sinner,Holger Rune,9,19,0.63,0.64,4-4,Grass,Rainy,Jannik Sinner
2022-07-12,Jannik Sinner,Alexander Zverev,8,12,0.59,0.61,1-2,Grass,Sunny,Alexander Zverev
2022-07-12,Andrey Rublev,Daniil Medvedev,9,2,0.61,0.74,0-4,Grass,Rainy,Daniil Medvedev
2022-07-05,Daniil Medvedev,Frances Tiafoe,16,4,0.82,0.52,0-4,Grass,Rainy,Frances Tiafoe
2022-06-23,Holger Rune,Hubert Hurkacz,11,6,0.71,0.53,0-2,Grass,Windy,Hubert Hurkacz
2022-06-24,Carlos Alcaraz,Casper Ruud,16,3,0.54,0.83,4-5,Grass,Sunny,Casper Ruud
2022-07-09,Daniil Medvedev,Taylor Fritz,10,3,0.66,0.61,1-0,Grass,Windy,Daniil Medvedev
2022-06-29,Taylor Fritz,Hubert Hurkacz,8,17,0.6,0.65,3-3,Grass,Windy,Hubert Hurkacz
2022-07-20,Taylor Fritz,Casper Ruud,10,19,0.58,0.58,4-0,Grass,Sunny,Taylor Fritz
2022-06-27,Jannik Sinner,Frances Tiafoe,7,9,0.68,0.59,5-0,Grass,Cloudy,Jannik Sinner
2022-07-12,Daniil Medvedev,Andrey Rublev,3,6,0.93,0.75,0-3,Grass,Windy,Andrey Rublev
2022-07-12,Taylor Fritz,Holger Rune,10,2,0.45,0.75,1-2,Grass,Rainy,Holger Rune
2022-07-03,Holger Rune,Carlos Alcaraz,8,9,0.6,0.75,5-4,Grass,Cloudy,Holger Rune
2022-06-21,Carlos Alcaraz,Andrey Rublev,8,5,0.59,0.69,2-1,Grass,Sunny,Carlos Alcaraz
2022-07-04,Daniil Medvedev,Alexander Zverev,20,19,0.6,0.65,2-3,Grass,Sunny,Alexander Zverev
2022-07-04,Hubert Hurkacz,Alexander Zverev,13,9,0.5,0.63,4-4,Grass,Windy,Alexander Zverev
2022-06-20,Carlos Alcaraz,Taylor Fritz,2,14,0.68,0.54,5-2,Grass,Rainy,Carlos Alcaraz
2022-07-08,Carlos Alcaraz,Jannik Sinner,19,19,0.74,0.6,0-5,Grass,Rainy,Jannik Sinner
2022-06-25,Novak Djokovic,Daniil Medvedev,16,17,0.46,0.67,5-3,Grass,Rainy,Novak Djokovic
2022-06-30,Taylor Fritz,Casper Ruud,16,3,0.8,0.82,3-2,Grass,Windy,Casper Ruud
2022-06-29,Stefanos Tsitsipas,Frances Tiafoe,4,6,0.56,0.64,2-3,Grass,Windy,Frances Tiafoe
2022-06-28,Frances Tiafoe,Casper Ruud,18,2,0.7,0.66,3-0,Grass,Rainy,Frances Tiafoe
2022-07-03,Stefanos Tsitsipas,Carlos Alcaraz,13,17,0.66,0.66,0-5,Grass,Windy,Carlos Alcaraz
2022-07-14,Novak Djokovic,Jannik Sinner,17,12,0.49,0.62,4-3,Grass,Windy,Novak Djokovic
2022-07-18,Novak Djokovic,Jannik Sinner,9,18,0.34,0.47,1-2,Grass,Windy,Jannik Sinner
2022-07-12,Hubert Hurkacz,Holger Rune,4,1,0.68,0.62,5-4,Grass,Cloudy,Holger Rune
2022-06-27,Daniil Medvedev,Alexander Zverev,18,1,0.73,0.6,4-3,Grass,Sunny,Alexander Zverev
2022-07-06,Carlos Alcaraz,Holger Rune,4,5,0.67,0.71,3-5,Grass,Rainy,Holger Rune
2022-07-07,Hubert Hurkacz,Alexander Zverev,14,16,0.75,0.45,3-1,Grass,Windy,Hubert Hurkacz
2022-07-17,Daniil Medvedev,Casper Ruud,7,20,0.8,0.55,4-5,Grass,Cloudy,Daniil Medvedev
2022-06-29,Carlos Alcaraz,Alexander Zverev,14,11,0.51,0.69,4-2,Grass,Sunny,Carlos Alcaraz
2022-07-04,Hubert Hurkacz,Alexander Zverev,19,19,0.58,0.5,5-3,Grass,Cloudy,Hubert Hurkacz
2022-07-04,Andrey Rublev,Holger Rune,12,11,0.64,0.6,4-4,Grass,Windy,Andrey Rublev
2022-06-21,Stefanos Tsitsipas,Jannik Sinner,8,19,0.68,0.63,3-1,Grass,Windy,Stefanos Tsitsipas
2022-07-05,Stefanos Tsitsipas,Holger Rune,13,13,0.78,0.5,5-5,Grass,Cloudy,Stefanos Tsitsipas
2022-06-23,Novak Djokovic,Daniil Medvedev,17,19,0.79,0.36,2-0,Grass,Windy,Novak Djokovic
2022-06-22,Andrey Rublev,Holger Rune,1,5,0.72,0.76,3-5,Grass,Cloudy,Andrey Rublev
2022-07-17,Holger Rune,Alexander Zverev,11,20,0.67,0.49,5-3,Grass,Sunny,Holger Rune
2022-07-17,Stefanos Tsitsipas,Frances Tiafoe,18,13,0.55,0.57,2-5,Grass,Windy,Frances Tiafoe
2022-06-27,Andrey Rublev,Novak Djokovic,20,3,0.49,0.8,1-5,Grass,Rainy,Novak Djokovic
2022-07-04,Hubert Hurkacz,Carlos Alcaraz,14,4,0.65,0.64,5-5,Grass,Sunny,Carlos Alcaraz
2022-07-01,Daniil Medvedev,Alexander Zverev,1,2,0.83,0.76,2-0,Grass,Rainy,Daniil Medvedev
2022-06-25,Stefanos Tsitsipas,Casper Ruud,5,8,0.78,0.73,4-3,Grass,Cloudy,Stefanos Tsitsipas
2022-07-05,Daniil Medvedev,Carlos Alcaraz,20,13,0.47,0.56,4-5,Grass,Cloudy,Carlos Alcaraz
2022-06-28,Taylor Fritz,Daniil Medvedev,8,15,0.74,0.66,5-2,Grass,Windy,Taylor Fritz
2022-06-22,Frances Tiafoe,Novak Djokovic,15,10,0.6,0.66,5-4,Grass,Cloudy,Frances Tiafoe
2022-07-04,Holger Rune,Stefanos Tsitsipas,19,10,0.69,0.59,5-3,Grass,Rainy,Holger Rune
2022-07-08,Alexander Zverev,Jannik Sinner,13,16,0.67,0.57,0-1,Grass,Windy,Jannik Sinner
2022-06-28,Stefanos Tsitsipas,Taylor Fritz,10,10,0.63,0.76,0-5,Grass,Windy,Taylor Fritz
2022-07-14,Novak Djokovic,Taylor Fritz,2,20,0.81,0.63,5-3,Grass,Rainy,Novak Djokovic
2022-07-11,Jannik Sinner,Taylor Fritz,12,8,0.76,0.67,5-1,Grass,Rainy,Jannik Sinner
2022-06-29,Hubert Hurkacz,Frances Tiafoe,5,4,0.77,0.68,5-5,Grass,Sunny,Hubert Hurkacz
2022-07-19,Holger Rune,Novak Djokovic,19,12,0.59,0.62,5-1,Grass,Sunny,Holger Rune
2022-07-06,Alexander Zverev,Stefanos Tsitsipas,14,6,0.62,0.75,1-1,Grass,Rainy,Stefanos Tsitsipas
2022-07-15,Andrey Rublev,Alexander Zverev,6,9,0.61,0.87,3-2,Grass,Rainy,Alexander Zverev
2022-07-20,Carlos Alcaraz,Holger Rune,3,5,0.62,0.58,1-5,Grass,Windy,Holger Rune
2022-07-04,Andrey Rublev,Stefanos Tsitsipas,3,13,0.84,0.7,0-2,Grass,Sunny,Stefanos Tsitsipas
2022-06-23,Stefanos Tsitsipas,Frances Tiafoe,9,19,0.72,0.62,3-5,Grass,Rainy,Frances Tiafoe
2022-07-19,Frances Tiafoe,Jannik Sinner,16,1,0.59,0.65,4-4,Grass,Rainy,Jannik Sinner
2022-06-23,Taylor Fritz,Jannik Sinner,3,15,0.73,0.53,5-2,Grass,Windy,Taylor Fritz
2022-06-27,Daniil Medvedev,Novak Djokovic,2,10,0.83,0.64,3-0,Grass,Sunny,Daniil Medvedev
2022-07-08,Andrey Rublev,Daniil Medvedev,13,15,0.54,0.57,2-5,Grass,Windy,Daniil Medvedev
2022-07-20,Hubert Hurkacz,Daniil Medvedev,14,4,0.65,0.65,3-4,Grass,Windy,Daniil Medvedev
2022-07-17,Alexander Zverev,Novak Djokovic,12,7,0.55,0.7,3-3,Grass,Cloudy,Novak Djokovic
2022-07-02,Stefanos Tsitsipas,Carlos Alcaraz,12,18,0.65,0.52,5-2,Grass,Sunny,Stefanos Tsitsipas
2022-07-10,Alexander Zverev,Jannik Sinner,4,15,0.66,0.62,0-5,Grass,Cloudy,Jannik Sinner
2022-07-15,Frances Tiafoe,Taylor Fritz,1,2,0.6,0.59,2-1,Grass,Cloudy,Frances Tiafoe
2022-07-16,Taylor Fritz,Jannik Sinner,3,18,0.65,0.55,1-4,Grass,Cloudy,Jannik Sinner
2022-06-24,Jannik Sinner,Stefanos Tsitsipas,5,20,0.73,0.7,0-2,Grass,Cloudy,Stefanos Tsitsipas
2022-06-20,Andrey Rublev,Alexander Zverev,6,4,0.78,0.69,5-0,Grass,Cloudy,Andrey Rublev
2022-06-21,Stefanos Tsitsipas,Jannik Sinner,19,11,0.56,0.54,0-1,Grass,Rainy,Jannik Sinner
2022-07-04,Daniil Medvedev,Casper Ruud,17,4,0.58,0.68,5-0,Grass,Windy,Daniil Medvedev
2022-07-20,Stefanos Tsitsipas,Andrey Rublev,19,4,0.59,0.63,3-4,Grass,Cloudy,Andrey Rublev
2022-06-21,Taylor Fritz,Novak Djokovic,17,10,0.63,0.8,3-5,Grass,Sunny,Novak Djokovic
2022-06-22,Holger Rune,Casper Ruud,14,4,0.6,0.75,3-5,Grass,Windy,Casper Ruud
2022-07-09,Carlos Alcaraz,Stefanos Tsitsipas,20,5,0.62,0.66,0-1,Grass,Rainy,Stefanos Tsitsipas
2022-07-04,Frances Tiafoe,Taylor Fritz,18,11,0.59,0.64,3-4,Grass,Rainy,Taylor Fritz
2022-07-03,Andrey Rublev,Taylor Fritz,14,4,0.62,0.63,5-0,Grass,Cloudy,Andrey Rublev
2022-07-13,Holger Rune,Jannik Sinner,14,11,0.61,0.69,3-3,Grass,Windy,Jannik Sinner
2022-07-20,Carlos Alcaraz,Stefanos Tsitsipas,14,11,0.76,0.74,5-2,Grass,Rainy,Carlos Alcaraz
2022-07-03,Daniil Medvedev,Frances Tiafoe,16,3,0.81,0.64,0-0,Grass,Sunny,Frances Tiafoe
2022-07-11,Carlos Alcaraz,Stefanos Tsitsipas,5,18,0.79,0.59,0-4,Grass,Rainy,Stefanos Tsitsipas
2022-07-09,Carlos Alcaraz,Casper Ruud,12,14,0.85,0.53,5-0,Grass,Rainy,Carlos Alcaraz
2022-07-11,Alexander Zverev,Stefanos Tsitsipas,4,19,0.63,0.5,4-1,Grass,Cloudy,Alexander Zverev
2022-07-14,Holger Rune,Jannik Sinner,4,12,0.5,0.58,4-2,Grass,Sunny,Holger Rune
2022-07-09,Alexander Zverev,Taylor Fritz,8,14,0.59,0.63,4-4,Grass,Sunny,Taylor Fritz
2022-07-19,Frances Tiafoe,Alexander Zverev,1,6,0.77,0.88,2-5,Grass,Rainy,Alexander Zverev
2022-06-22,Stefanos Tsitsipas,Hubert Hurkacz,1,6,0.84,0.63,1-4,Grass,Windy,Stefanos Tsitsipas
2022-07-02,Daniil Medvedev,Frances Tiafoe,1,3,0.65,0.77,5-4,Grass,Cloudy,Daniil Medvedev
2022-07-14,Casper Ruud,Holger Rune,11,6,0.51,0.87,2-2,Grass,Rainy,Holger Rune
2022-07-11,Taylor Fritz,Hubert Hurkacz,3,2,0.84,0.68,1-1,Grass,Sunny,Taylor Fritz
2022-07-03,Carlos Alcaraz,Alexander Zverev,15,14,0.43,0.75,3-4,Grass,Windy,Alexander Zverev
2022-06-29,Alexander Zverev,Jannik Sinner,17,4,0.57,0.83,2-3,Grass,Sunny,Jannik Sinner
2022-06-21,Frances Tiafoe,Hubert Hurkacz,19,16,0.4,0.53,4-5,Grass,Rainy,Hubert Hurkacz
2022-07-20,Jannik Sinner,Casper Ruud,20,2,0.55,0.73,0-1,Grass,Rainy,Casper Ruud
2022-07-05,Jannik Sinner,Daniil Medvedev,9,10,0.61,0.71,2-0,Grass,Sunny,Jannik Sinner
2022-07-06,Hubert Hurkacz,Casper Ruud,6,5,0.58,0.69,3-4,Grass,Cloudy,Casper Ruud
2022-07-03,Andrey Rublev,Frances Tiafoe,12,3,0.64,0.77,3-5,Grass,Sunny,Frances Tiafoe
2022-07-12,Novak Djokovic,Holger Rune,3,11,0.79,0.53,4-3,Grass,Windy,Novak Djokovic
2022-06-25,Frances Tiafoe,Casper Ruud,10,4,0.5,0.84,3-0,Grass,Rainy,Frances Tiafoe
2022-07-03,Taylor Fritz,Holger Rune,12,3,0.66,0.65,3-0,Grass,Cloudy,Taylor Fritz
2022-06-27,Taylor Fritz,Casper Ruud,17,3,0.74,0.73,3-2,Grass,Rainy,Casper Ruud
2022-07-18,Stefanos Tsitsipas,Daniil Medvedev,3,17,0.84,0.59,5-0,Grass,Cloudy,Stefanos Tsitsipas
2022-06-26,Stefanos Tsitsipas,Hubert Hurkacz,5,8,0.91,0.85,0-1,Grass,Rainy,Hubert Hurkacz
2022-07-04,Daniil Medvedev,Taylor Fritz,5,3,0.68,0.82,1-5,Grass,Windy,Taylor Fritz
2022-07-17,Taylor Fritz,Hubert Hurkacz,15,19,0.66,0.7,5-5,Grass,Rainy,Hubert Hurkacz
2022-07-10,Frances Tiafoe,Stefanos Tsitsipas,5,15,0.6,0.67,0-3,Grass,Windy,Stefanos Tsitsipas
2022-06-29,Alexander Zverev,Hubert Hurkacz,19,2,0.67,0.55,2-4,Grass,Sunny,Hubert Hurkacz
2022-07-10,Holger Rune,Hubert Hurkacz,2,2,0.61,0.53,2-2,Grass,Sunny,Holger Rune
2022-07-04,Carlos Alcaraz,Taylor Fritz,20,17,0.52,0.65,3-3,Grass,Sunny,Taylor Fritz
2022-07-20,Taylor Fritz,Frances Tiafoe,7,11,0.83,0.65,4-3,Grass,Cloudy,Taylor Fritz
2022-06-21,Novak Djokovic,Holger Rune,4,11,0.87,0.5,5-0,Grass,Cloudy,Novak Djokovic
2022-07-01,Jannik Sinner,Holger Rune,15,17,0.43,0.57,4-4,Grass,Cloudy,Holger Rune
2022-07-15,Stefanos Tsitsipas,Alexander Zverev,13,14,0.66,0.61,2-5,Grass,Sunny,Alexander Zverev
2022-06-29,Frances Tiafoe,Hubert Hurkacz,11,3,0.43,0.71,2-0,Grass,Windy,Hubert Hurkacz
2022-07-19,Alexander Zverev,Frances Tiafoe,20,5,0.42,0.77,2-0,Grass,Cloudy,Frances Tiafoe
2022-06-29,Stefanos Tsitsipas,Alexander Zverev,13,5,0.66,0.61,4-5,Grass,Sunny,Alexander Zverev
2022-07-10,Andrey Rublev,Casper Ruud,11,5,0.59,0.59,5-5,Grass,Sunny,Casper Ruud
2022-06-25,Frances Tiafoe,Casper Ruud,17,12,0.57,0.73,0-2,Grass,Rainy,Casper Ruud
2022-06-22,Jannik Sinner,Stefanos Tsitsipas,16,7,0.49,0.73,1-1,Grass,Cloudy,Stefanos Tsitsipas
2022-07-11,Alexander Zverev,Carlos Alcaraz,17,18,0.53,0.49,5-4,Grass,Sunny,Alexander Zverev
2022-06-25,Stefanos Tsitsipas,Taylor Fritz,5,20,0.69,0.45,3-1,Grass,Cloudy,Stefanos Tsitsipas
2022-07-11,Hubert Hurkacz,Taylor Fritz,6,15,0.63,0.48,0-3,Grass,Rainy,Taylor Fritz
2022-06-27,Hubert Hurkacz,Jannik Sinner,15,20,0.8,0.55,2-5,Grass,Windy,Jannik Sinner
2022-07-04,Andrey Rublev,Jannik Sinner,10,16,0.58,0.61,1-2,Grass,Windy,Jannik Sinner
2022-07-15,Alexander Zverev,Casper Ruud,17,17,0.57,0.56,3-1,Grass,Cloudy,Alexander Zverev
2022-07-07,Taylor Fritz,Daniil Medvedev,9,2,0.72,0.81,5-3,Grass,Rainy,Daniil Medvedev
2022-07-04,Carlos Alcaraz,Andrey Rublev,4,10,0.66,0.59,0-1,Grass,Rainy,Carlos Alcaraz
2022-07-19,Andrey Rublev,Daniil Medvedev,14,3,0.58,0.49,1-3,Grass,Rainy,Daniil Medvedev
2022-07-02,Novak Djokovic,Casper Ruud,2,13,0.58,0.76,4-2,Grass,Cloudy,Novak Djokovic
2022-07-15,Carlos Alcaraz,Stefanos Tsitsipas,8,1,0.83,0.72,2-0,Grass,Rainy,Stefanos Tsitsipas
2022-07-14,Daniil Medvedev,Hubert Hurkacz,2,10,0.79,0.68,3-5,Grass,Cloudy,Daniil Medvedev
2022-06-28,Hubert Hurkacz,Holger Rune,15,20,0.91,0.66,0-0,Grass,Sunny,Hubert Hurkacz
2022-07-14,Jannik Sinner,Daniil Medvedev,18,20,0.56,0.45,4-3,Grass,Sunny,Jannik Sinner
2022-07-10,Alexander Zverev,Jannik Sinner,10,4,0.49,0.73,0-1,Grass,Windy,Jannik Sinner
2022-07-10,Taylor Fritz,Holger Rune,3,4,0.64,0.57,3-4,Grass,Sunny,Holger Rune
2022-07-09,Andrey Rublev,Taylor Fritz,8,5,0.61,0.59,2-3,Grass,Sunny,Taylor Fritz
2022-07-06,Stefanos Tsitsipas,Jannik Sinner,19,14,0.73,0.7,1-5,Grass,Sunny,Jannik Sinner
2022-07-02,Stefanos Tsitsipas,Carlos Alcaraz,17,18,0.58,0.72,4-4,Grass,Sunny,Carlos Alcaraz
2022-07-01,Holger Rune,Novak Djokovic,13,12,0.63,0.54,2-5,Grass,Sunny,Novak Djokovic
2022-06-24,Carlos Alcaraz,Stefanos Tsitsipas,8,4,0.82,0.76,4-5,Grass,Rainy,Stefanos Tsitsipas
2022-07-12,Novak Djokovic,Stefanos Tsitsipas,18,11,0.47,0.62,5-1,Grass,Windy,Novak Djokovic
2022-06-21,Holger Rune,Frances Tiafoe,6,5,0.6,0.56,0-5,Grass,Windy,Frances Tiafoe
2022-07-06,Alexander Zverev,Jannik Sinner,2,7,0.82,0.87,0-2,Grass,Rainy,Jannik Sinner
2022-06-29,Casper Ruud,Andrey Rublev,16,9,0.45,0.72,0-5,Grass,Cloudy,Andrey Rublev
2022-07-18,Stefanos Tsitsipas,Novak Djokovic,11,9,0.57,0.61,0-2,Grass,Windy,Novak Djokovic
2022-07-01,Casper Ruud,Holger Rune,13,11,0.56,0.55,1-3,Grass,Windy,Holger Rune
2022-07-07,Andrey Rublev,Alexander Zverev,3,14,0.72,0.53,0-3,Grass,Cloudy,Alexander Zverev
2022-06-29,Alexander Zverev,Stefanos Tsitsipas,4,3,0.74,0.71,2-5,Grass,Rainy,Stefanos Tsitsipas
2022-07-04,Holger Rune,Taylor Fritz,14,6,0.59,0.6,5-3,Grass,Rainy,Holger Rune
2022-06-22,Novak Djokovic,Stefanos Tsitsipas,20,14,0.49,0.69,2-5,Grass,Sunny,Stefanos Tsitsipas
2022-07-20,Frances Tiafoe,Hubert Hurkacz,13,12,0.67,0.53,4-5,Grass,Cloudy,Hubert Hurkacz
2022-06-27,Novak Djokovic,Daniil Medvedev,20,15,0.56,0.68,0-1,Grass,Sunny,Daniil Medvedev
2022-07-11,Frances Tiafoe,Stefanos Tsitsipas,12,13,0.46,0.67,4-0,Grass,Cloudy,Frances Tiafoe
2022-07-06,Holger Rune,Stefanos Tsitsipas,12,15,0.56,0.66,0-4,Grass,Cloudy,Stefanos Tsitsipas
2022-07-13,Stefanos Tsitsipas,Casper Ruud,11,9,0.56,0.48,1-0,Grass,Sunny,Stefanos Tsitsipas
2022-07-14,Daniil Medvedev,Holger Rune,17,13,0.42,0.62,4-0,Grass,Rainy,Daniil Medvedev
2022-06-26,Alexander Zverev,Holger Rune,7,20,0.71,0.46,2-5,Grass,Windy,Holger Rune
2022-06-22,Carlos Alcaraz,Daniil Medvedev,3,15,0.78,0.43,1-5,Grass,Windy,Daniil Medvedev
2022-07-18,Frances Tiafoe,Stefanos Tsitsipas,12,3,0.62,0.6,4-4,Grass,Rainy,Stefanos Tsitsipas
2022-06-26,Alexander Zverev,Daniil Medvedev,6,12,0.62,0.63,4-1,Grass,Sunny,Alexander Zverev
2022-07-04,Daniil Medvedev,Jannik Sinner,16,1,0.5,0.7,2-4,Grass,Rainy,Jannik Sinner
2022-07-12,Andrey Rublev,Daniil Medvedev,20,3,0.65,0.66,0-2,Grass,Windy,Daniil Medvedev
2022-06-24,Hubert Hurkacz,Holger Rune,17,14,0.66,0.5,3-4,Grass,Sunny,Holger Rune
2022-06-24,Stefanos Tsitsipas,Frances Tiafoe,3,15,0.77,0.74,3-5,Grass,Rainy,Frances Tiafoe
2022-07-16,Andrey Rublev,Frances Tiafoe,19,6,0.31,0.61,1-3,Grass,Sunny,Frances Tiafoe
2022-07-19,Carlos Alcaraz,Andrey Rublev,5,10,0.76,0.63,1-1,Grass,Rainy,Carlos Alcaraz
2022-06-26,Hubert Hurkacz,Jannik Sinner,12,17,0.67,0.52,2-0,Grass,Rainy,Hubert Hurkacz
2022-07-06,Frances Tiafoe,Andrey Rublev,9,5,0.67,0.68,5-2,Grass,Sunny,Frances Tiafoe
2022-07-16,Frances Tiafoe,Daniil Medvedev,19,19,0.68,0.59,1-1,Grass,Rainy,Frances Tiafoe
2022-07-10,Taylor Fritz,Novak Djokovic,1,3,0.77,0.68,0-5,Grass,Rainy,Novak Djokovic
2022-07-18,Jannik Sinner,Taylor Fritz,14,20,0.56,0.51,5-0,Grass,Windy,Jannik Sinner
2022-06-29,Frances Tiafoe,Andrey Rublev,10,10,0.69,0.61,3-1,Grass,Windy,Frances Tiafoe
2022-07-04,Holger Rune,Carlos Alcaraz,2,6,0.76,0.9,3-3,Grass,Windy,Holger Rune
2022-07-13,Jannik Sinner,Stefanos Tsitsipas,20,5,0.64,0.67,2-5,Grass,Rainy,Stefanos Tsitsipas
2022-06-30,Stefanos Tsitsipas,Casper Ruud,5,12,0.82,0.59,4-4,Grass,Sunny,Stefanos Tsitsipas
2022-06-23,Jannik Sinner,Holger Rune,4,9,0.51,0.56,3-1,Grass,Cloudy,Jannik Sinner
2022-07-16,Novak Djokovic,Alexander Zverev,13,20,0.43,0.51,3-1,Grass,Cloudy,Novak Djokovic
2022-07-05,Stefanos Tsitsipas,Taylor Fritz,11,7,0.64,0.85,1-3,Grass,Windy,Taylor Fritz
2022-07-20,Alexander Zverev,Holger Rune,1,3,0.77,0.7,3-4,Grass,Windy,Alexander Zverev
2022-07-05,Jannik Sinner,Hubert Hurkacz,19,12,0.64,0.41,0-0,Grass,Rainy,Jannik Sinner
2022-07-03,Taylor Fritz,Frances Tiafoe,16,10,0.61,0.73,4-0,Grass,Sunny,Taylor Fritz
2022-06-21,Daniil Medvedev,Alexander Zverev,12,13,0.48,0.73,2-0,Grass,Windy,Daniil Medvedev
2022-07-02,Taylor Fritz,Andrey Rublev,7,12,0.71,0.59,4-2,Grass,Sunny,Taylor Fritz
2022-06-24,Andrey Rublev,Holger Rune,18,9,0.63,0.89,4-5,Grass,Sunny,Holger Rune
2022-06-26,Carlos Alcaraz,Casper Ruud,12,11,0.65,0.66,4-2,Grass,Cloudy,Carlos Alcaraz
2022-06-24,Taylor Fritz,Andrey Rublev,13,17,0.57,0.5,0-0,Grass,Sunny,Taylor Fritz
2022-06-30,Hubert Hurkacz,Stefanos Tsitsipas,16,17,0.67,0.49,3-1,Grass,Cloudy,Hubert Hurkacz
2022-07-08,Taylor Fritz,Stefanos Tsitsipas,6,13,0.7,0.57,4-5,Grass,Rainy,Taylor Fritz
2022-07-05,Stefanos Tsitsipas,Andrey Rublev,17,18,0.63,0.6,3-5,Grass,Rainy,Andrey Rublev
2022-07-15,Novak Djokovic,Stefanos Tsitsipas,11,4,0.74,0.66,3-4,Grass,Rainy,Stefanos Tsitsipas
2022-07-13,Hubert Hurkacz,Frances Tiafoe,1,20,0.71,0.45,3-2,Grass,Cloudy,Hubert Hurkacz
2022-06-24,Novak Djokovic,Taylor Fritz,16,6,0.55,0.73,4-5,Grass,Windy,Taylor Fritz
2022-06-20,Frances Tiafoe,Jannik Sinner,2,19,0.81,0.47,5-0,Grass,Cloudy,Frances Tiafoe
2022-07-03,Holger Rune,Stefanos Tsitsipas,14,5,0.7,0.84,3-5,Grass,Cloudy,Stefanos Tsitsipas
2022-07-07,Andrey Rublev,Taylor Fritz,16,2,0.63,0.92,5-1,Grass,Cloudy,Andrey Rublev
2022-07-04,Stefanos Tsitsipas,Frances Tiafoe,16,17,0.51,0.46,3-2,Grass,Cloudy,Stefanos Tsitsipas
2022-07-09,Andrey Rublev,Stefanos Tsitsipas,18,12,0.39,0.78,5-5,Grass,Rainy,Stefanos Tsitsipas
2022-07-20,Holger Rune,Jannik Sinner,8,9,0.74,0.65,4-2,Grass,Cloudy,Holger Rune
2022-07-07,Alexander Zverev,Hubert Hurkacz,7,16,0.71,0.48,2-3,Grass,Rainy,Alexander Zverev
2022-07-18,Hubert Hurkacz,Alexander Zverev,10,4,0.89,0.72,4-5,Grass,Windy,Alexander Zverev
2022-07-01,Casper Ruud,Stefanos Tsitsipas,5,10,0.71,0.72,0-2,Grass,Sunny,Stefanos Tsitsipas
2022-07-19,Holger Rune,Frances Tiafoe,9,16,0.71,0.61,1-1,Grass,Rainy,Holger Rune
2022-06-27,Andrey Rublev,Alexander Zverev,5,4,0.62,0.76,4-5,Grass,Cloudy,Alexander Zverev
2022-06-23,Novak Djokovic,Frances Tiafoe,17,8,0.77,0.8,5-1,Grass,Sunny,Novak Djokovic
2022-07-20,Casper Ruud,Stefanos Tsitsipas,16,4,0.75,0.66,5-1,Grass,Sunny,Casper Ruud
2022-07-14,Andrey Rublev,Daniil Medvedev,14,16,0.51,0.58,3-5,Grass,Cloudy,Daniil Medvedev
2022-07-07,Alexander Zverev,Stefanos Tsitsipas,10,2,0.66,0.84,0-5,Grass,Cloudy,Stefanos Tsitsipas
2022-07-15,Hubert Hurkacz,Novak Djokovic,6,14,0.52,0.76,1-0,Grass,Windy,Novak Djokovic
2022-07-19,Holger Rune,Daniil Medvedev,10,2,0.63,0.69,0-2,Grass,Sunny,Daniil Medvedev
2022-07-17,Stefanos Tsitsipas,Alexander Zverev,15,18,0.5,0.4,4-3,Grass,Cloudy,Stefanos Tsitsipas
2022-07-13,Andrey Rublev,Holger Rune,9,7,0.74,0.69,0-2,Grass,Cloudy,Holger Rune
2022-07-15,Holger Rune,Frances Tiafoe,9,6,0.53,0.56,0-5,Grass,Rainy,Frances Tiafoe
2022-07-16,Alexander Zverev,Taylor Fritz,7,6,0.65,0.86,4-5,Grass,Windy,Taylor Fritz
2022-06-25,Casper Ruud,Andrey Rublev,11,3,0.61,0.57,3-5,Grass,Sunny,Andrey Rublev
2022-06-27,Daniil Medvedev,Holger Rune,11,8,0.62,0.64,0-2,Grass,Windy,Holger Rune
2022-06-28,Holger Rune,Alexander Zverev,11,10,0.37,0.64,4-5,Grass,Sunny,Alexander Zverev
2022-06-29,Frances Tiafoe,Stefanos Tsitsipas,8,2,0.65,0.8,5-0,Grass,Windy,Frances Tiafoe
2022-07-01,Daniil Medvedev,Casper Ruud,17,10,0.76,0.76,5-0,Grass,Rainy,Daniil Medvedev
2022-07-13,Taylor Fritz,Jannik Sinner,8,5,0.64,0.59,3-1,Grass,Windy,Taylor Fritz
2022-07-14,Taylor Fritz,Stefanos Tsitsipas,14,18,0.87,0.58,3-4,Grass,Cloudy,Taylor Fritz
2022-06-22,Jannik Sinner,Frances Tiafoe,20,3,0.55,0.72,4-3,Grass,Rainy,Frances Tiafoe
2022-06-25,Taylor Fritz,Carlos Alcaraz,2,18,0.75,0.56,4-1,Grass,Cloudy,Taylor Fritz
2022-06-22,Stefanos Tsitsipas,Andrey Rublev,15,4,0.54,0.66,5-1,Grass,Windy,Stefanos Tsitsipas
2022-07-04,Andrey Rublev,Holger Rune,2,15,0.73,0.55,1-4,Grass,Windy,Holger Rune
2022-07-02,Taylor Fritz,Novak Djokovic,18,15,0.5,0.61,5-2,Grass,Sunny,Taylor Fritz
2022-07-01,Alexander Zverev,Novak Djokovic,7,19,0.65,0.71,0-0,Grass,Windy,Alexander Zverev
2022-06-29,Hubert Hurkacz,Carlos Alcaraz,18,2,0.3,0.84,0-3,Grass,Sunny,Carlos Alcaraz
2022-07-17,Casper Ruud,Daniil Medvedev,5,14,0.82,0.4,2-3,Grass,Windy,Casper Ruud
2022-06-23,Casper Ruud,Hubert Hurkacz,3,18,0.69,0.53,1-5,Grass,Rainy,Hubert Hurkacz
2022-07-16,Daniil Medvedev,Andrey Rublev,13,17,0.48,0.5,1-5,Grass,Cloudy,Andrey Rublev
2022-07-07,Novak Djokovic,Hubert Hurkacz,10,15,0.54,0.78,5-5,Grass,Windy,Hubert Hurkacz
2022-06-26,Casper Ruud,Jannik Sinner,8,15,0.76,0.73,2-1,Grass,Rainy,Casper Ruud
2022-06-26,Hubert Hurkacz,Carlos Alcaraz,2,14,0.8,0.5,4-0,Grass,Cloudy,Hubert Hurkacz
2022-06-27,Carlos Alcaraz,Hubert Hurkacz,20,2,0.5,0.78,3-4,Grass,Sunny,Hubert Hurkacz
2022-07-14,Hubert Hurkacz,Novak Djokovic,13,15,0.5,0.67,1-4,Grass,Cloudy,Novak Djokovic
2022-07-08,Novak Djokovic,Daniil Medvedev,17,10,0.56,0.61,1-5,Grass,Rainy,Daniil Medvedev
2022-07-03,Taylor Fritz,Frances Tiafoe,11,8,0.71,0.71,2-1,Grass,Cloudy,Taylor Fritz
2022-07-10,Alexander Zverev,Hubert Hurkacz,2,18,0.69,0.69,4-5,Grass,Cloudy,Alexander Zverev
2022-07-15,Frances Tiafoe,Casper Ruud,18,16,0.46,0.65,0-2,Grass,Windy,Casper Ruud
2022-06-25,Andrey Rublev,Stefanos Tsitsipas,14,14,0.67,0.58,1-2,Grass,Windy,Stefanos Tsitsipas
2022-07-15,Andrey Rublev,Holger Rune,8,8,0.7,0.54,2-5,Grass,Cloudy,Holger Rune
2022-07-02,Holger Rune,Novak Djokovic,18,14,0.66,0.59,3-4,Grass,Cloudy,Novak Djokovic
2022-07-17,Jannik Sinner,Alexander Zverev,7,11,0.63,0.74,5-0,Grass,Windy,Jannik Sinner
2022-07-11,Stefanos Tsitsipas,Carlos Alcaraz,18,7,0.5,0.54,0-2,Grass,Windy,Carlos Alcaraz
2022-07-05,Taylor Fritz,Hubert Hurkacz,2,3,0.57,0.78,1-4,Grass,Cloudy,Hubert Hurkacz
2022-07-13,Jannik Sinner,Stefanos Tsitsipas,10,1,0.52,0.92,1-1,Grass,Sunny,Stefanos Tsitsipas
2022-07-14,Holger Rune,Jannik Sinner,20,7,0.34,0.85,3-1,Grass,Rainy,Jannik Sinner
2022-06-28,Alexander Zverev,Casper Ruud,15,18,0.62,0.56,5-2,Grass,Rainy,Alexander Zverev
2022-07-14,Stefanos Tsitsipas,Andrey Rublev,16,15,0.54,0.64,0-5,Grass,Windy,Andrey Rublev
2022-07-13,Stefanos Tsitsipas,Jannik Sinner,12,11,0.63,0.75,3-0,Grass,Cloudy,Stefanos Tsitsipas
2022-06-29,Daniil Medvedev,Novak Djokovic,9,18,0.67,0.59,4-4,Grass,Windy,Daniil Medvedev
2022-07-05,Daniil Medvedev,Jannik Sinner,11,8,0.6,0.66,3-4,Grass,Cloudy,Jannik Sinner
2022-07-04,Andrey Rublev,Frances Tiafoe,11,9,0.67,0.49,3-5,Grass,Windy,Frances Tiafoe
2022-06-25,Daniil Medvedev,Stefanos Tsitsipas,6,5,0.56,0.77,5-4,Grass,Windy,Stefanos Tsitsipas
2022-07-14,Andrey Rublev,Frances Tiafoe,2,17,0.75,0.56,0-0,Grass,Sunny,Andrey Rublev
2022-06-20,Novak Djokovic,Casper Ruud,5,8,0.7,0.7,0-5,Grass,Cloudy,Casper Ruud
2022-07-11,Jannik Sinner,Andrey Rublev,15,12,0.55,0.55,0-4,Grass,Windy,Andrey Rublev
2022-06-20,Holger Rune,Novak Djokovic,1,18,0.76,0.47,4-3,Grass,Sunny,Holger Rune
2022-07-15,Andrey Rublev,Alexander Zverev,18,10,0.61,0.48,0-4,Grass,Windy,Alexander Zverev
2022-07-09,Daniil Medvedev,Carlos Alcaraz,4,17,0.81,0.63,1-1,Grass,Cloudy,Daniil Medvedev
2022-07-20,Andrey Rublev,Alexander Zverev,12,9,0.66,0.76,3-0,Grass,Rainy,Andrey Rublev
2022-07-11,Casper Ruud,Holger Rune,19,8,0.73,0.77,5-1,Grass,Rainy,Casper Ruud
2022-07-07,Carlos Alcaraz,Frances Tiafoe,2,3,0.55,0.59,3-3,Grass,Windy,Carlos Alcaraz
2022-07-10,Holger Rune,Novak Djokovic,1,6,0.68,0.69,0-3,Grass,Windy,Holger Rune
2022-07-18,Stefanos Tsitsipas,Taylor Fritz,4,17,0.76,0.51,0-1,Grass,Cloudy,Stefanos Tsitsipas
2022-07-18,Hubert Hurkacz,Taylor Fritz,16,9,0.61,0.58,0-0,Grass,Rainy,Taylor Fritz
2022-07-08,Andrey Rublev,Taylor Fritz,2,6,0.67,0.55,2-0,Grass,Cloudy,Andrey Rublev
2022-07-08,Daniil Medvedev,Casper Ruud,3,10,0.63,0.51,1-4,Grass,Cloudy,Casper Ruud
2022-07-15,Casper Ruud,Frances Tiafoe,18,11,0.47,0.75,3-5,Grass,Cloudy,Frances Tiafoe
2022-06-27,Hubert Hurkacz,Carlos Alcaraz,17,12,0.49,0.89,0-0,Grass,Windy,Carlos Alcaraz
2022-06-20,Carlos Alcaraz,Stefanos Tsitsipas,20,20,0.6,0.57,4-3,Grass,Rainy,Carlos Alcaraz
2022-07-03,Frances Tiafoe,Alexander Zverev,15,16,0.51,0.66,1-2,Grass,Windy,Alexander Zverev
2022-07-15,Daniil Medvedev,Frances Tiafoe,19,13,0.5,0.63,0-4,Grass,Rainy,Frances Tiafoe
2022-07-13,Jannik Sinner,Carlos Alcaraz,3,9,0.98,0.65,1-3,Grass,Cloudy,Jannik Sinner
2022-07-04,Casper Ruud,Stefanos Tsitsipas,12,4,0.74,0.64,0-0,Grass,Rainy,Stefanos Tsitsipas
2022-07-04,Stefanos Tsitsipas,Alexander Zverev,4,5,0.71,0.88,0-1,Grass,Windy,Alexander Zverev
2022-07-01,Andrey Rublev,Hubert Hurkacz,17,14,0.52,0.79,0-0,Grass,Sunny,Hubert Hurkacz
2022-06-29,Andrey Rublev,Carlos Alcaraz,20,20,0.62,0.49,2-3,Grass,Sunny,Carlos Alcaraz
2022-07-11,Casper Ruud,Hubert Hurkacz,3,18,0.78,0.67,1-4,Grass,Cloudy,Hubert Hurkacz
2022-06-24,Casper Ruud,Daniil Medvedev,5,9,0.76,0.5,2-2,Grass,Windy,Casper Ruud
2022-07-15,Carlos Alcaraz,Daniil Medvedev,14,9,0.54,0.64,3-2,Grass,Windy,Carlos Alcaraz
2022-07-09,Carlos Alcaraz,Stefanos Tsitsipas,9,8,0.65,0.73,5-5,Grass,Windy,Stefanos Tsitsipas
2022-07-20,Taylor Fritz,Jannik Sinner,15,4,0.62,0.58,1-2,Grass,Sunny,Jannik Sinner
2022-07-03,Casper Ruud,Stefanos Tsitsipas,20,13,0.59,0.68,2-3,Grass,Rainy,Stefanos Tsitsipas
2022-07-05,Frances Tiafoe,Taylor Fritz,5,10,0.76,0.76,2-4,Grass,Cloudy,Taylor Fritz
2022-07-20,Stefanos Tsitsipas,Daniil Medvedev,13,11,0.7,0.69,2-5,Grass,Windy,Daniil Medvedev
2022-06-23,Taylor Fritz,Jannik Sinner,11,13,0.63,0.45,2-3,Grass,Rainy,Taylor Fritz
2022-07-20,Taylor Fritz,Jannik Sinner,19,18,0.6,0.59,1-5,Grass,Sunny,Jannik Sinner
2022-07-16,Hubert Hurkacz,Holger Rune,7,15,0.71,0.47,2-5,Grass,Sunny,Holger Rune
2022-06-28,Casper Ruud,Frances Tiafoe,16,5,0.48,0.81,5-2,Grass,Cloudy,Casper Ruud
2022-07-08,Frances Tiafoe,Daniil Medvedev,14,13,0.61,0.69,0-3,Grass,Windy,Daniil Medvedev
2022-07-12,Casper Ruud,Andrey Rublev,17,14,0.58,0.61,4-0,Grass,Rainy,Casper Ruud
2022-06-25,Andrey Rublev,Taylor Fritz,3,4,0.81,0.66,1-5,Grass,Rainy,Taylor Fritz
2022-07-20,Frances Tiafoe,Taylor Fritz,2,19,0.74,0.51,5-5,Grass,Windy,Frances Tiafoe
2022-07-06,Stefanos Tsitsipas,Casper Ruud,4,1,0.67,0.71,0-2,Grass,Cloudy,Casper Ruud
2022-07-04,Hubert Hurkacz,Andrey Rublev,18,19,0.59,0.51,5-4,Grass,Cloudy,Hubert Hurkacz
2022-07-01,Stefanos Tsitsipas,Casper Ruud,15,19,0.73,0.47,5-4,Grass,Cloudy,Stefanos Tsitsipas
2022-07-16,Novak Djokovic,Holger Rune,4,10,0.69,0.61,3-0,Grass,Sunny,Novak Djokovic
2022-07-06,Hubert Hurkacz,Daniil Medvedev,12,10,0.77,0.67,2-3,Grass,Cloudy,Daniil Medvedev
2022-06-30,Holger Rune,Stefanos Tsitsipas,16,4,0.69,0.56,3-5,Grass,Windy,Stefanos Tsitsipas
2022-07-11,Carlos Alcaraz,Alexander Zverev,2,4,0.76,0.8,0-2,Grass,Sunny,Alexander Zverev
2022-07-07,Daniil Medvedev,Jannik Sinner,17,6,0.59,0.8,4-1,Grass,Rainy,Daniil Medvedev
2022-07-10,Casper Ruud,Holger Rune,8,13,0.62,0.76,5-1,Grass,Cloudy,Casper Ruud
2022-07-04,Frances Tiafoe,Casper Ruud,13,1,0.85,0.7,5-4,Grass,Cloudy,Casper Ruud
2022-06-28,Taylor Fritz,Casper Ruud,13,1,0.58,0.89,5-1,Grass,Cloudy,Casper Ruud
2022-06-30,Hubert Hurkacz,Carlos Alcaraz,19,4,0.72,0.66,4-1,Grass,Rainy,Hubert Hurkacz
2022-07-09,Jannik Sinner,Holger Rune,4,9,0.67,0.63,5-3,Grass,Rainy,Jannik Sinner
2022-07-17,Casper Ruud,Taylor Fritz,13,19,0.49,0.47,0-2,Grass,Rainy,Taylor Fritz
2022-07-11,Holger Rune,Taylor Fritz,6,10,0.59,0.57,4-4,Grass,Sunny,Holger Rune
2022-07-01,Daniil Medvedev,Stefanos Tsitsipas,4,8,0.71,0.69,2-0,Grass,Cloudy,Daniil Medvedev
2022-07-08,Hubert Hurkacz,Daniil Medvedev,17,13,0.74,0.52,3-4,Grass,Cloudy,Hubert Hurkacz
2022-07-07,Casper Ruud,Hubert Hurkacz,6,16,0.79,0.57,5-4,Grass,Cloudy,Casper Ruud
2022-07-09,Daniil Medvedev,Holger Rune,10,5,0.65,0.77,1-2,Grass,Windy,Holger Rune
2022-07-20,Novak Djokovic,Stefanos Tsitsipas,1,16,0.63,0.63,1-1,Grass,Windy,Novak Djokovic
2022-07-12,Andrey Rublev,Hubert Hurkacz,16,14,0.61,0.66,5-3,Grass,Windy,Andrey Rublev
2022-06-29,Holger Rune,Hubert Hurkacz,6,3,0.72,0.97,4-0,Grass,Cloudy,Holger Rune
2022-07-08,Novak Djokovic,Alexander Zverev,8,18,0.61,0.52,2-1,Grass,Windy,Novak Djokovic
2022-06-28,Hubert Hurkacz,Holger Rune,18,17,0.51,0.52,0-4,Grass,Sunny,Holger Rune
2022-07-03,Andrey Rublev,Stefanos Tsitsipas,18,2,0.51,0.85,5-3,Grass,Cloudy,Stefanos Tsitsipas
2022-07-01,Carlos Alcaraz,Frances Tiafoe,8,10,0.81,0.59,0-3,Grass,Rainy,Frances Tiafoe
2022-07-17,Carlos Alcaraz,Holger Rune,4,8,0.63,0.72,1-5,Grass,Rainy,Holger Rune
2022-07-16,Hubert Hurkacz,Taylor Fritz,14,6,0.55,0.75,4-1,Grass,Cloudy,Hubert Hurkacz
2022-06-30,Jannik Sinner,Novak Djokovic,19,12,0.58,0.48,4-2,Grass,Cloudy,Jannik Sinner
2022-06-24,Hubert Hurkacz,Alexander Zverev,10,19,0.8,0.74,2-4,Grass,Sunny,Alexander Zverev
2022-06-24,Casper Ruud,Novak Djokovic,9,5,0.6,0.66,5-1,Grass,Cloudy,Casper Ruud
2022-07-10,Hubert Hurkacz,Stefanos Tsitsipas,8,13,0.7,0.65,3-1,Grass,Rainy,Hubert Hurkacz
2022-07-06,Casper Ruud,Hubert Hurkacz,15,3,0.67,0.92,5-0,Grass,Windy,Casper Ruud
2022-07-17,Hubert Hurkacz,Alexander Zverev,12,15,0.61,0.52,3-2,Grass,Sunny,Hubert Hurkacz
2022-06-26,Hubert Hurkacz,Carlos Alcaraz,15,12,0.46,0.56,0-4,Grass,Windy,Carlos Alcaraz
2022-07-07,Casper Ruud,Jannik Sinner,16,9,0.59,0.84,2-2,Grass,Rainy,Jannik Sinner
2022-06-21,Taylor Fritz,Daniil Medvedev,19,16,0.51,0.61,2-5,Grass,Sunny,Daniil Medvedev
2022-07-04,Carlos Alcaraz,Frances Tiafoe,15,1,0.6,0.86,0-1,Grass,Windy,Frances Tiafoe
2022-07-17,Novak Djokovic,Casper Ruud,7,5,0.93,0.65,5-2,Grass,Cloudy,Novak Djokovic
2022-06-21,Alexander Zverev,Carlos Alcaraz,12,9,0.58,0.76,0-2,Grass,Cloudy,Carlos Alcaraz
2022-07-12,Casper Ruud,Frances Tiafoe,10,8,0.72,0.85,3-5,Grass,Sunny,Frances Tiafoe
2022-07-06,Carlos Alcaraz,Novak Djokovic,7,16,0.74,0.55,0-1,Grass,Cloudy,Carlos Alcaraz
2022-07-17,Frances Tiafoe,Holger Rune,1,1,0.8,0.85,5-2,Grass,Sunny,Frances Tiafoe
2022-07-13,Casper Ruud,Daniil Medvedev,16,3,0.67,0.77,1-3,Grass,Sunny,Daniil Medvedev
2022-07-14,Carlos Alcaraz,Hubert Hurkacz,11,12,0.75,0.75,2-1,Grass,Windy,Carlos Alcaraz
2022-07-09,Daniil Medvedev,Frances Tiafoe,5,3,0.84,0.78,4-4,Grass,Sunny,Frances Tiafoe
2022-07-19,Frances Tiafoe,Daniil Medvedev,15,12,0.58,0.64,5-1,Grass,Cloudy,Frances Tiafoe
2022-07-14,Casper Ruud,Taylor Fritz,15,7,0.72,0.6,0-0,Grass,Cloudy,Casper Ruud
2022-06-27,Carlos Alcaraz,Taylor Fritz,13,12,0.66,0.59,3-2,Grass,Cloudy,Carlos Alcaraz
2022-07-14,Alexander Zverev,Frances Tiafoe,3,8,0.72,0.8,4-4,Grass,Rainy,Alexander Zverev
2022-07-13,Hubert Hurkacz,Novak Djokovic,10,7,0.67,0.68,4-4,Grass,Cloudy,Novak Djokovic
2022-06-27,Casper Ruud,Alexander Zverev,2,8,0.59,0.74,3-3,Grass,Sunny,Casper Ruud
2022-07-19,Holger Rune,Frances Tiafoe,20,3,0.61,0.94,4-0,Grass,Rainy,Holger Rune
2022-07-14,Stefanos Tsitsipas,Daniil Medvedev,13,19,0.59,0.58,3-2,Grass,Cloudy,Stefanos Tsitsipas
2022-06-26,Holger Rune,Carlos Alcaraz,1,19,0.76,0.72,0-0,Grass,Rainy,Holger Rune
2022-07-03,Novak Djokovic,Hubert Hurkacz,13,17,0.61,0.61,2-5,Grass,Windy,Hubert Hurkacz
2022-06-28,Hubert Hurkacz,Casper Ruud,3,18,0.78,0.59,4-4,Grass,Cloudy,Hubert Hurkacz
2022-07-02,Carlos Alcaraz,Alexander Zverev,3,17,0.68,0.6,1-1,Grass,Rainy,Carlos Alcaraz
2022-06-21,Taylor Fritz,Frances Tiafoe,3,10,0.83,0.55,5-3,Grass,Cloudy,Taylor Fritz
2022-06-29,Jannik Sinner,Carlos Alcaraz,14,4,0.62,0.64,3-4,Grass,Sunny,Carlos Alcaraz
2022-07-12,Frances Tiafoe,Hubert Hurkacz,6,4,0.81,0.56,0-5,Grass,Cloudy,Hubert Hurkacz
2022-06-25,Novak Djokovic,Daniil Medvedev,16,12,0.53,0.67,4-4,Grass,Rainy,Daniil Medvedev
2022-06-28,Stefanos Tsitsipas,Daniil Medvedev,9,4,0.82,0.7,0-2,Grass,Windy,Daniil Medvedev
2022-07-04,Andrey Rublev,Carlos Alcaraz,9,19,0.6,0.75,5-0,Grass,Windy,Andrey Rublev
2022-06-25,Andrey Rublev,Stefanos Tsitsipas,2,16,0.59,0.37,4-1,Grass,Rainy,Andrey Rublev
2022-06-21,Alexander Zverev,Carlos Alcaraz,19,4,0.6,0.66,1-5,Grass,Sunny,Carlos Alcaraz
2022-06-25,Novak Djokovic,Jannik Sinner,2,16,0.63,0.66,2-3,Grass,Cloudy,Novak Djokovic
2022-07-19,Novak Djokovic,Andrey Rublev,14,8,0.63,0.61,2-1,Grass,Windy,Novak Djokovic
2022-07-06,Hubert Hurkacz,Stefanos Tsitsipas,9,3,0.53,0.81,4-2,Grass,Sunny,Stefanos Tsitsipas
2022-06-22,Frances Tiafoe,Novak Djokovic,6,8,0.76,0.66,4-0,Grass,Windy,Frances Tiafoe
2022-06-20,Holger Rune,Alexander Zverev,10,11,0.83,0.53,0-4,Grass,Windy,Alexander Zverev
2022-07-04,Stefanos Tsitsipas,Jannik Sinner,10,19,0.5,0.49,2-5,Grass,Cloudy,Jannik Sinner
2022-06-24,Stefanos Tsitsipas,Taylor Fritz,16,7,0.59,0.7,5-4,Grass,Cloudy,Stefanos Tsitsipas
2022-07-20,Novak Djokovic,Casper Ruud,1,8,0.72,0.71,4-2,Grass,Sunny,Novak Djokovic
2022-07-03,Stefanos Tsitsipas,Novak Djokovic,13,10,0.49,0.79,0-1,Grass,Cloudy,Novak Djokovic
2022-07-18,Holger Rune,Novak Djokovic,5,9,0.69,0.77,0-0,Grass,Cloudy,Novak Djokovic
2022-07-06,Andrey Rublev,Casper Ruud,12,15,0.66,0.65,5-0,Grass,Sunny,Andrey Rublev
2022-07-03,Daniil Medvedev,Frances Tiafoe,13,3,0.68,0.76,4-4,Grass,Sunny,Frances Tiafoe
2022-07-12,Frances Tiafoe,Daniil Medvedev,8,10,0.73,0.78,2-2,Grass,Windy,Daniil Medvedev
2022-07-20,Hubert Hurkacz,Stefanos Tsitsipas,11,15,0.66,0.67,2-1,Grass,Sunny,Hubert Hurkacz
2022-07-04,Jannik Sinner,Daniil Medvedev,19,4,0.55,0.85,1-0,Grass,Cloudy,Daniil Medvedev
2022-07-04,Holger Rune,Stefanos Tsitsipas,14,4,0.54,0.89,4-2,Grass,Cloudy,Stefanos Tsitsipas
2022-07-16,Alexander Zverev,Holger Rune,9,4,0.66,0.57,0-1,Grass,Rainy,Holger Rune
2022-07-12,Hubert Hurkacz,Taylor Fritz,2,7,0.74,0.61,2-1,Grass,Sunny,Hubert Hurkacz
2022-06-28,Jannik Sinner,Stefanos Tsitsipas,13,17,0.7,0.51,0-5,Grass,Rainy,Stefanos Tsitsipas
2022-06-23,Daniil Medvedev,Novak Djokovic,13,15,0.58,0.41,4-5,Grass,Cloudy,Daniil Medvedev
2022-06-24,Holger Rune,Carlos Alcaraz,5,4,0.65,0.47,0-0,Grass,Cloudy,Holger Rune
2022-07-19,Jannik Sinner,Casper Ruud,12,3,0.47,0.8,4-4,Grass,Rainy,Casper Ruud
2022-06-22,Carlos Alcaraz,Novak Djokovic,3,7,0.8,0.72,5-3,Grass,Cloudy,Carlos Alcaraz
2022-07-16,Stefanos Tsitsipas,Carlos Alcaraz,2,15,0.63,0.6,0-1,Grass,Windy,Stefanos Tsitsipas
2022-06-25,Hubert Hurkacz,Casper Ruud,16,1,0.59,0.62,3-5,Grass,Windy,Casper Ruud
2022-06-21,Stefanos Tsitsipas,Jannik Sinner,6,9,0.84,0.75,2-3,Grass,Cloudy,Jannik Sinner
2022-07-03,Taylor Fritz,Hubert Hurkacz,20,8,0.53,0.67,5-2,Grass,Windy,Taylor Fritz
2022-07-03,Andrey Rublev,Holger Rune,2,3,0.75,0.52,2-3,Grass,Cloudy,Andrey Rublev
2022-07-02,Jannik Sinner,Frances Tiafoe,17,8,0.56,0.6,5-4,Grass,Sunny,Jannik Sinner
2022-07-02,Hubert Hurkacz,Stefanos Tsitsipas,16,18,0.49,0.54,3-2,Grass,Rainy,Hubert Hurkacz
2022-07-18,Alexander Zverev,Daniil Medvedev,1,11,0.92,0.7,4-1,Grass,Sunny,Alexander Zverev
2022-06-25,Alexander Zverev,Novak Djokovic,16,17,0.53,0.64,2-4,Grass,Cloudy,Novak Djokovic
2022-07-14,Carlos Alcaraz,Jannik Sinner,8,9,0.81,0.75,4-5,Grass,Sunny,Jannik Sinner
2022-07-08,Jannik Sinner,Taylor Fritz,13,12,0.63,0.57,1-1,Grass,Cloudy,Jannik Sinner
2022-07-20,Stefanos Tsitsipas,Hubert Hurkacz,19,1,0.63,0.78,5-5,Grass,Rainy,Hubert Hurkacz
2022-06-25,Taylor Fritz,Hubert Hurkacz,5,19,0.79,0.62,1-3,Grass,Rainy,Hubert Hurkacz
2022-06-20,Holger Rune,Novak Djokovic,3,2,0.82,0.68,1-4,Grass,Cloudy,Novak Djokovic
2022-06-30,Andrey Rublev,Holger Rune,1,11,0.87,0.66,4-1,Grass,Cloudy,Andrey Rublev
2022-07-14,Hubert Hurkacz,Daniil Medvedev,11,2,0.85,0.66,0-1,Grass,Cloudy,Daniil Medvedev
2022-07-08,Carlos Alcaraz,Andrey Rublev,12,3,0.8,0.74,2-5,Grass,Windy,Andrey Rublev
2022-07-15,Carlos Alcaraz,Stefanos Tsitsipas,10,11,0.58,0.59,1-1,Grass,Windy,Stefanos Tsitsipas
2022-06-27,Frances Tiafoe,Holger Rune,11,6,0.61,0.73,5-4,Grass,Rainy,Holger Rune
2022-06-24,Frances Tiafoe,Taylor Fritz,6,13,0.74,0.56,2-5,Grass,Rainy,Taylor Fritz
2022-07-09,Daniil Medvedev,Novak Djokovic,19,13,0.56,0.83,4-0,Grass,Cloudy,Daniil Medvedev
2022-06-30,Stefanos Tsitsipas,Taylor Fritz,8,19,0.84,0.6,0-3,Grass,Cloudy,Taylor Fritz
2022-07-16,Hubert Hurkacz,Carlos Alcaraz,8,12,0.67,0.64,2-1,Grass,Sunny,Hubert Hurkacz
2022-06-27,Hubert Hurkacz,Frances Tiafoe,11,15,0.7,0.5,0-2,Grass,Cloudy,Frances Tiafoe
2022-06-21,Hubert Hurkacz,Carlos Alcaraz,12,9,0.6,0.49,0-5,Grass,Sunny,Carlos Alcaraz
2022-07-01,Casper Ruud,Holger Rune,14,6,0.65,0.75,3-3,Grass,Windy,Holger Rune
2022-06-25,Andrey Rublev,Casper Ruud,4,16,0.66,0.75,4-5,Grass,Cloudy,Casper Ruud
2022-07-20,Holger Rune,Carlos Alcaraz,2,10,0.61,0.5,0-2,Grass,Rainy,Holger Rune
2022-07-07,Carlos Alcaraz,Hubert Hurkacz,11,6,0.66,0.79,3-1,Grass,Sunny,Carlos Alcaraz
2022-07-03,Carlos Alcaraz,Stefanos Tsitsipas,20,20,0.72,0.5,3-5,Grass,Sunny,Stefanos Tsitsipas
2022-06-30,Frances Tiafoe,Daniil Medvedev,20,14,0.66,0.61,1-0,Grass,Sunny,Frances Tiafoe
2022-07-11,Jannik Sinner,Hubert Hurkacz,14,18,0.59,0.66,5-5,Grass,Rainy,Hubert Hurkacz
2022-06-24,Alexander Zverev,Hubert Hurkacz,8,4,0.74,0.55,0-3,Grass,Windy,Hubert Hurkacz
2022-06-26,Novak Djokovic,Stefanos Tsitsipas,1,14,0.89,0.75,0-2,Grass,Windy,Novak Djokovic
2022-07-05,Carlos Alcaraz,Novak Djokovic,7,6,0.62,0.73,5-2,Grass,Sunny,Carlos Alcaraz
2022-06-22,Carlos Alcaraz,Alexander Zverev,13,16,0.67,0.62,3-5,Grass,Rainy,Alexander Zverev
2022-06-25,Frances Tiafoe,Andrey Rublev,13,6,0.56,0.62,2-3,Grass,Rainy,Andrey Rublev
2022-07-16,Holger Rune,Novak Djokovic,9,15,0.66,0.72,3-2,Grass,Cloudy,Holger Rune
2022-06-22,Alexander Zverev,Taylor Fritz,2,5,0.78,0.66,5-5,Grass,Sunny,Alexander Zverev
2022-07-16,Frances Tiafoe,Stefanos Tsitsipas,18,14,0.65,0.33,4-1,Grass,Sunny,Frances Tiafoe
2022-07-05,Casper Ruud,Andrey Rublev,14,18,0.72,0.4,5-3,Grass,Cloudy,Casper Ruud
2022-06-23,Alexander Zverev,Carlos Alcaraz,13,2,0.58,0.62,4-4,Grass,Cloudy,Carlos Alcaraz
2022-07-03,Holger Rune,Daniil Medvedev,6,7,0.56,0.8,1-1,Grass,Sunny,Daniil Medvedev
2022-06-30,Carlos Alcaraz,Frances Tiafoe,14,7,0.56,0.71,5-1,Grass,Rainy,Carlos Alcaraz
2022-07-17,Hubert Hurkacz,Carlos Alcaraz,3,13,0.72,0.67,4-3,Grass,Rainy,Hubert Hurkacz
2022-06-23,Alexander Zverev,Andrey Rublev,15,1,0.61,0.61,5-4,Grass,Windy,Andrey Rublev
2022-07-19,Casper Ruud,Daniil Medvedev,5,19,0.8,0.51,4-4,Grass,Sunny,Casper Ruud
2022-06-28,Carlos Alcaraz,Taylor Fritz,4,10,0.55,0.61,4-2,Grass,Windy,Carlos Alcaraz
2022-06-25,Casper Ruud,Frances Tiafoe,16,19,0.74,0.65,4-3,Grass,Sunny,Casper Ruud
2022-06-21,Alexander Zverev,Casper Ruud,5,20,0.67,0.52,4-5,Grass,Windy,Alexander Zverev
2022-07-18,Casper Ruud,Stefanos Tsitsipas,8,2,0.64,0.94,5-3,Grass,Rainy,Stefanos Tsitsipas
2022-07-17,Stefanos Tsitsipas,Novak Djokovic,11,10,0.68,0.69,2-2,Grass,Windy,Novak Djokovic
2022-07-14,Hubert Hurkacz,Frances Tiafoe,4,8,0.81,0.69,1-2,Grass,Windy,Hubert Hurkacz
2022-07-04,Stefanos Tsitsipas,Alexander Zverev,14,20,0.58,0.53,5-0,Grass,Cloudy,Stefanos Tsitsipas
2022-06-22,Jannik Sinner,Casper Ruud,16,17,0.58,0.58,2-0,Grass,Cloudy,Jannik Sinner
2022-06-25,Alexander Zverev,Andrey Rublev,13,5,0.69,0.71,4-4,Grass,Sunny,Andrey Rublev
2022-07-19,Jannik Sinner,Hubert Hurkacz,2,8,0.8,0.66,0-3,Grass,Sunny,Hubert Hurkacz
2022-07-10,Stefanos Tsitsipas,Jannik Sinner,9,12,0.67,0.43,3-4,Grass,Windy,Stefanos Tsitsipas
2022-06-25,Carlos Alcaraz,Frances Tiafoe,1,8,0.83,0.7,2-3,Grass,Windy,Carlos Alcaraz
2022-07-13,Holger Rune,Taylor Fritz,18,12,0.67,0.34,2-1,Grass,Rainy,Holger Rune
2022-07-17,Hubert Hurkacz,Carlos Alcaraz,10,1,0.86,0.73,3-0,Grass,Cloudy,Hubert Hurkacz
2022-07-10,Taylor Fritz,Jannik Sinner,8,8,0.78,0.57,5-1,Grass,Rainy,Taylor Fritz
2022-07-09,Casper Ruud,Andrey Rublev,1,1,0.8,0.63,3-1,Grass,Cloudy,Casper Ruud
2022-07-03,Novak Djokovic,Jannik Sinner,9,20,0.6,0.74,2-5,Grass,Rainy,Jannik Sinner
2022-07-11,Casper Ruud,Stefanos Tsitsipas,15,9,0.58,0.68,1-3,Grass,Rainy,Stefanos Tsitsipas
2022-07-07,Andrey Rublev,Taylor Fritz,13,19,0.71,0.61,0-0,Grass,Rainy,Andrey Rublev
2022-07-05,Frances Tiafoe,Taylor Fritz,20,10,0.57,0.69,2-5,Grass,Sunny,Taylor Fritz
2022-06-26,Carlos Alcaraz,Stefanos Tsitsipas,9,11,0.9,0.63,2-2,Grass,Rainy,Carlos Alcaraz
2022-07-11,Daniil Medvedev,Andrey Rublev,8,2,0.69,0.84,4-3,Grass,Rainy,Andrey Rublev
2022-07-02,Daniil Medvedev,Novak Djokovic,16,10,0.7,0.77,2-3,Grass,Windy,Novak Djokovic
2022-07-11,Hubert Hurkacz,Novak Djokovic,19,19,0.62,0.45,1-2,Grass,Cloudy,Hubert Hurkacz
2022-07-16,Andrey Rublev,Frances Tiafoe,16,12,0.75,0.52,4-2,Grass,Cloudy,Andrey Rublev
2022-07-13,Frances Tiafoe,Andrey Rublev,6,10,0.72,0.57,0-3,Grass,Cloudy,Andrey Rublev
2022-07-01,Alexander Zverev,Andrey Rublev,6,11,0.68,0.67,5-0,Grass,Cloudy,Alexander Zverev
2022-07-04,Jannik Sinner,Alexander Zverev,14,11,0.64,0.68,2-2,Grass,Rainy,Alexander Zverev
2022-07-05,Carlos Alcaraz,Holger Rune,2,19,0.89,0.61,4-4,Grass,Sunny,Carlos Alcaraz
2022-06-21,Jannik Sinner,Andrey Rublev,4,13,0.69,0.72,4-2,Grass,Windy,Jannik Sinner
2022-06-24,Daniil Medvedev,Hubert Hurkacz,7,11,0.8,0.52,3-4,Grass,Windy,Daniil Medvedev
2022-06-30,Stefanos Tsitsipas,Daniil Medvedev,3,16,0.78,0.66,2-5,Grass,Cloudy,Daniil Medvedev
2022-07-08,Frances Tiafoe,Novak Djokovic,1,15,0.71,0.74,2-1,Grass,Cloudy,Frances Tiafoe
2022-07-02,Daniil Medvedev,Holger Rune,3,5,0.7,0.71,4-3,Grass,Windy,Daniil Medvedev
2022-07-13,Casper Ruud,Holger Rune,13,1,0.6,0.74,0-4,Grass,Cloudy,Holger Rune
2022-07-10,Stefanos Tsitsipas,Novak Djokovic,11,17,0.53,0.44,1-0,Grass,Sunny,Stefanos Tsitsipas
2022-07-02,Hubert Hurkacz,Jannik Sinner,8,12,0.83,0.55,2-1,Grass,Sunny,Hubert Hurkacz
2022-07-20,Andrey Rublev,Taylor Fritz,10,6,0.55,0.47,0-0,Grass,Rainy,Andrey Rublev
2022-07-18,Alexander Zverev,Holger Rune,17,20,0.52,0.42,4-2,Grass,Windy,Alexander Zverev
2022-07-20,Frances Tiafoe,Daniil Medvedev,11,16,0.8,0.69,2-1,Grass,Cloudy,Frances Tiafoe
2022-07-13,Casper Ruud,Novak Djokovic,8,8,0.6,0.9,5-1,Grass,Cloudy,Casper Ruud
2022-07-02,Novak Djokovic,Taylor Fritz,17,6,0.68,0.66,0-2,Grass,Sunny,Taylor Fritz
2022-07-11,Frances Tiafoe,Alexander Zverev,18,20,0.32,0.78,0-4,Grass,Sunny,Alexander Zverev
2022-07-04,Carlos Alcaraz,Frances Tiafoe,1,2,0.6,0.57,5-0,Grass,Windy,Carlos Alcaraz
2022-06-26,Casper Ruud,Carlos Alcaraz,18,9,0.67,0.9,3-5,Grass,Cloudy,Carlos Alcaraz
2022-07-11,Hubert Hurkacz,Frances Tiafoe,1,10,0.88,0.71,3-5,Grass,Sunny,Hubert Hurkacz
2022-07-16,Andrey Rublev,Alexander Zverev,20,20,0.61,0.64,5-1,Grass,Windy,Andrey Rublev
2022-07-05,Carlos Alcaraz,Andrey Rublev,20,4,0.63,0.74,2-0,Grass,Sunny,Carlos Alcaraz
2022-07-12,Jannik Sinner,Taylor Fritz,7,9,0.69,0.65,4-1,Grass,Rainy,Jannik Sinner
2022-07-12,Casper Ruud,Alexander Zverev,6,2,0.61,0.7,4-3,Grass,Cloudy,Alexander Zverev
2022-07-19,Holger Rune,Stefanos Tsitsipas,8,1,0.5,0.73,0-5,Grass,Sunny,Stefanos Tsitsipas
2022-07-13,Carlos Alcaraz,Taylor Fritz,16,5,0.49,0.59,0-4,Grass,Sunny,Taylor Fritz
2022-07-04,Hubert Hurkacz,Carlos Alcaraz,9,8,0.68,0.81,3-2,Grass,Rainy,Hubert Hurkacz
2022-07-03,Novak Djokovic,Carlos Alcaraz,6,2,0.78,0.57,2-2,Grass,Rainy,Carlos Alcaraz
2022-06-30,Hubert Hurkacz,Carlos Alcaraz,4,2,0.61,0.82,0-1,Grass,Cloudy,Carlos Alcaraz
2022-07-16,Stefanos Tsitsipas,Holger Rune,20,9,0.45,0.64,5-0,Grass,Rainy,Stefanos Tsitsipas
2022-07-16,Stefanos Tsitsipas,Daniil Medvedev,4,13,0.77,0.52,3-3,Grass,Rainy,Stefanos Tsitsipas
2022-07-20,Casper Ruud,Holger Rune,14,6,0.62,0.56,0-1,Grass,Sunny,Holger Rune
2022-06-25,Daniil Medvedev,Carlos Alcaraz,14,19,0.55,0.59,3-4,Grass,Windy,Carlos Alcaraz
2022-07-05,Taylor Fritz,Casper Ruud,12,20,0.47,0.59,0-5,Grass,Cloudy,Casper Ruud
2022-07-10,Holger Rune,Carlos Alcaraz,14,15,0.61,0.66,0-0,Grass,Rainy,Carlos Alcaraz
2022-07-20,Stefanos Tsitsipas,Novak Djokovic,17,19,0.6,0.7,5-4,Grass,Cloudy,Stefanos Tsitsipas
2022-07-03,Frances Tiafoe,Stefanos Tsitsipas,17,17,0.59,0.54,5-5,Grass,Sunny,Frances Tiafoe
2022-06-24,Frances Tiafoe,Jannik Sinner,16,12,0.6,0.68,5-5,Grass,Windy,Jannik Sinner
2022-07-17,Andrey Rublev,Taylor Fritz,2,1,0.73,0.74,5-1,Grass,Windy,Andrey Rublev
2022-06-28,Holger Rune,Daniil Medvedev,3,16,0.65,0.52,2-1,Grass,Rainy,Holger Rune
2022-07-16,Novak Djokovic,Andrey Rublev,8,18,0.53,0.74,5-3,Grass,Windy,Novak Djokovic
2022-07-17,Jannik Sinner,Carlos Alcaraz,15,15,0.48,0.53,4-3,Grass,Sunny,Jannik Sinner
2022-06-23,Holger Rune,Hubert Hurkacz,11,4,0.57,0.8,3-5,Grass,Sunny,Hubert Hurkacz
2022-07-15,Casper Ruud,Hubert Hurkacz,2,18,0.7,0.69,4-0,Grass,Sunny,Casper Ruud
2022-07-20,Taylor Fritz,Hubert Hurkacz,10,17,0.58,0.61,4-1,Grass,Windy,Taylor Fritz
2022-07-12,Stefanos Tsitsipas,Hubert Hurkacz,2,8,0.65,0.88,3-2,Grass,Windy,Stefanos Tsitsipas
2022-06-20,Frances Tiafoe,Stefanos Tsitsipas,15,4,0.48,0.74,0-5,Grass,Cloudy,Stefanos Tsitsipas
2022-06-21,Stefanos Tsitsipas,Hubert Hurkacz,10,18,0.71,0.61,4-2,Grass,Sunny,Stefanos Tsitsipas
2022-06-26,Daniil Medvedev,Holger Rune,5,14,0.68,0.6,0-2,Grass,Cloudy,Holger Rune
2022-06-23,Carlos Alcaraz,Casper Ruud,7,15,0.68,0.59,1-5,Grass,Rainy,Casper Ruud
2022-07-20,Casper Ruud,Novak Djokovic,19,4,0.66,0.93,3-3,Grass,Cloudy,Novak Djokovic
2022-07-19,Holger Rune,Novak Djokovic,17,2,0.52,0.59,4-3,Grass,Windy,Novak Djokovic
2022-07-02,Andrey Rublev,Daniil Medvedev,19,6,0.55,0.95,5-1,Grass,Sunny,Andrey Rublev
2022-07-09,Frances Tiafoe,Taylor Fritz,20,11,0.47,0.8,4-3,Grass,Windy,Taylor Fritz
2022-07-15,Hubert Hurkacz,Jannik Sinner,9,13,0.83,0.56,2-2,Grass,Windy,Hubert Hurkacz
2022-07-16,Daniil Medvedev,Hubert Hurkacz,14,20,0.67,0.71,5-5,Grass,Rainy,Hubert Hurkacz
2022-06-26,Hubert Hurkacz,Andrey Rublev,11,18,0.6,0.55,5-1,Grass,Cloudy,Hubert Hurkacz
2022-07-06,Taylor Fritz,Alexander Zverev,12,5,0.57,0.6,5-5,Grass,Cloudy,Alexander Zverev
2022-07-08,Andrey Rublev,Frances Tiafoe,11,4,0.58,0.59,2-4,Grass,Windy,Frances Tiafoe
2022-07-06,Taylor Fritz,Frances Tiafoe,14,18,0.61,0.49,2-3,Grass,Sunny,Frances Tiafoe
2022-06-26,Carlos Alcaraz,Novak Djokovic,13,5,0.64,0.54,0-5,Grass,Sunny,Novak Djokovic
2022-06-26,Alexander Zverev,Daniil Medvedev,10,9,0.68,0.74,1-0,Grass,Rainy,Alexander Zverev
2022-07-13,Andrey Rublev,Novak Djokovic,12,15,0.43,0.64,0-4,Grass,Cloudy,Novak Djokovic
2022-07-12,Frances Tiafoe,Andrey Rublev,13,8,0.74,0.55,4-5,Grass,Rainy,Andrey Rublev
2022-07-20,Frances Tiafoe,Novak Djokovic,13,13,0.79,0.66,3-5,Grass,Rainy,Novak Djokovic
2022-07-16,Andrey Rublev,Novak Djokovic,1,9,0.67,0.65,1-4,Grass,Windy,Andrey Rublev
2022-07-14,Jannik Sinner,Frances Tiafoe,12,19,0.69,0.57,4-5,Grass,Cloudy,Frances Tiafoe
2022-06-25,Hubert Hurkacz,Jannik Sinner,10,15,0.7,0.51,1-5,Grass,Sunny,Jannik Sinner
2022-07-07,Daniil Medvedev,Andrey Rublev,4,13,0.73,0.48,0-3,Grass,Rainy,Andrey Rublev
2022-07-04,Alexander Zverev,Daniil Medvedev,6,19,0.68,0.47,2-0,Grass,Rainy,Alexander Zverev
2022-07-14,Hubert Hurkacz,Daniil Medvedev,2,5,0.66,0.82,2-4,Grass,Sunny,Daniil Medvedev
2022-06-22,Frances Tiafoe,Taylor Fritz,10,16,0.76,0.65,4-4,Grass,Rainy,Frances Tiafoe
2022-07-15,Hubert Hurkacz,Stefanos Tsitsipas,17,8,0.47,0.64,1-4,Grass,Sunny,Stefanos Tsitsipas
2022-07-01,Andrey Rublev,Daniil Medvedev,14,18,0.73,0.58,4-3,Grass,Sunny,Andrey Rublev
2022-07-20,Jannik Sinner,Hubert Hurkacz,11,11,0.87,0.68,2-2,Grass,Cloudy,Jannik Sinner
2022-07-11,Taylor Fritz,Andrey Rublev,16,18,0.61,0.54,5-0,Grass,Sunny,Taylor Fritz
2022-07-11,Stefanos Tsitsipas,Holger Rune,8,20,0.68,0.53,4-1,Grass,Sunny,Stefanos Tsitsipas
2022-06-20,Stefanos Tsitsipas,Casper Ruud,4,13,0.78,0.72,2-4,Grass,Rainy,Casper Ruud
2022-06-29,Andrey Rublev,Stefanos Tsitsipas,17,17,0.5,0.45,3-3,Grass,Sunny,Andrey Rublev
2022-07-20,Frances Tiafoe,Jannik Sinner,11,17,0.46,0.63,0-0,Grass,Cloudy,Jannik Sinner
2022-07-17,Andrey Rublev,Hubert Hurkacz,1,3,0.63,0.5,1-5,Grass,Cloudy,Hubert Hurkacz
2022-07-10,Frances Tiafoe,Casper Ruud,4,7,0.75,0.93,4-5,Grass,Windy,Casper Ruud
2022-06-21,Carlos Alcaraz,Frances Tiafoe,5,1,0.7,0.82,3-5,Grass,Rainy,Frances Tiafoe
2022-07-08,Carlos Alcaraz,Hubert Hurkacz,2,6,0.74,0.68,2-4,Grass,Sunny,Hubert Hurkacz
2022-07-03,Jannik Sinner,Alexander Zverev,14,13,0.7,0.59,3-5,Grass,Windy,Alexander Zverev
2022-07-14,Stefanos Tsitsipas,Novak Djokovic,13,4,0.65,0.74,4-0,Grass,Sunny,Stefanos Tsitsipas
2022-06-29,Hubert Hurkacz,Taylor Fritz,2,3,0.66,0.82,2-4,Grass,Sunny,Taylor Fritz
2022-07-02,Frances Tiafoe,Alexander Zverev,20,3,0.53,0.64,2-3,Grass,Windy,Alexander Zverev
2022-07-13,Frances Tiafoe,Novak Djokovic,16,6,0.64,0.6,4-1,Grass,Cloudy,Frances Tiafoe
2022-07-20,Casper Ruud,Andrey Rublev,10,5,0.65,0.7,2-5,Grass,Rainy,Andrey Rublev
2022-07-08,Novak Djokovic,Andrey Rublev,18,5,0.68,0.75,0-0,Grass,Sunny,Andrey Rublev
2022-07-13,Taylor Fritz,Casper Ruud,18,18,0.57,0.65,0-2,Grass,Cloudy,Casper Ruud
2022-06-25,Hubert Hurkacz,Stefanos Tsitsipas,7,14,0.82,0.67,5-4,Grass,Cloudy,Hubert Hurkacz
2022-07-11,Daniil Medvedev,Jannik Sinner,20,9,0.55,0.53,1-0,Grass,Cloudy,Daniil Medvedev
2022-06-29,Taylor Fritz,Novak Djokovic,18,15,0.46,0.57,5-4,Grass,Sunny,Taylor Fritz
2022-07-20,Frances Tiafoe,Carlos Alcaraz,9,4,0.6,0.69,1-5,Grass,Windy,Carlos Alcaraz
2022-07-18,Stefanos Tsitsipas,Hubert Hurkacz,5,8,0.71,0.72,0-2,Grass,Sunny,Hubert Hurkacz
2022-07-12,Jannik Sinner,Stefanos Tsitsipas,16,15,0.58,0.65,2-4,Grass,Rainy,Stefanos Tsitsipas
2022-06-25,Taylor Fritz,Daniil Medvedev,19,19,0.57,0.36,2-2,Grass,Windy,Taylor Fritz
2022-06-28,Novak Djokovic,Stefanos Tsitsipas,8,8,0.58,0.66,5-5,Grass,Windy,Stefanos Tsitsipas
2022-07-14,Stefanos Tsitsipas,Daniil Medvedev,11,16,0.52,0.65,3-3,Grass,Rainy,Daniil Medvedev
2022-07-16,Alexander Zverev,Holger Rune,18,4,0.72,0.83,1-5,Grass,Sunny,Holger Rune
2022-07-13,Alexander Zverev,Daniil Medvedev,18,7,0.55,0.83,2-5,Grass,Sunny,Daniil Medvedev
2022-07-14,Carlos Alcaraz,Novak Djokovic,17,1,0.59,0.71,4-4,Grass,Windy,Novak Djokovic
2022-07-10,Taylor Fritz,Jannik Sinner,2,18,0.67,0.54,2-4,Grass,Windy,Taylor Fritz
2022-06-24,Daniil Medvedev,Stefanos Tsitsipas,13,8,0.58,0.69,4-5,Grass,Rainy,Stefanos Tsitsipas
2022-07-11,Holger Rune,Andrey Rublev,17,3,0.6,0.72,3-2,Grass,Sunny,Andrey Rublev
2022-06-25,Jannik Sinner,Taylor Fritz,6,17,0.73,0.7,1-3,Grass,Cloudy,Taylor Fritz
2022-07-14,Taylor Fritz,Hubert Hurkacz,5,16,0.79,0.44,2-0,Grass,Cloudy,Taylor Fritz
2022-07-11,Holger Rune,Jannik Sinner,3,9,0.46,0.75,2-1,Grass,Sunny,Holger Rune
2022-06-21,Jannik Sinner,Andrey Rublev,12,13,0.49,0.6,3-3,Grass,Sunny,Andrey Rublev
2022-07-08,Frances Tiafoe,Stefanos Tsitsipas,4,17,0.59,0.4,5-2,Grass,Rainy,Frances Tiafoe
2022-07-08,Andrey Rublev,Taylor Fritz,6,13,0.74,0.7,5-3,Grass,Rainy,Andrey Rublev
2022-07-01,Frances Tiafoe,Carlos Alcaraz,17,9,0.52,0.4,3-1,Grass,Windy,Frances Tiafoe
2022-07-04,Stefanos Tsitsipas,Holger Rune,16,20,0.54,0.59,0-4,Grass,Cloudy,Holger Rune
2022-06-24,Daniil Medvedev,Jannik Sinner,3,17,0.57,0.6,5-2,Grass,Cloudy,Daniil Medvedev
2022-07-03,Daniil Medvedev,Hubert Hurkacz,12,20,0.63,0.61,5-0,Grass,Cloudy,Daniil Medvedev
2022-07-10,Stefanos Tsitsipas,Carlos Alcaraz,16,16,0.6,0.49,3-1,Grass,Cloudy,Stefanos Tsitsipas
2022-06-24,Casper Ruud,Novak Djokovic,8,2,0.79,0.71,1-4,Grass,Cloudy,Novak Djokovic
2022-06-28,Frances Tiafoe,Andrey Rublev,2,19,0.73,0.47,1-0,Grass,Cloudy,Frances Tiafoe
2022-07-18,Daniil Medvedev,Andrey Rublev,13,20,0.58,0.46,4-5,Grass,Sunny,Andrey Rublev
2022-07-17,Hubert Hurkacz,Frances Tiafoe,10,3,0.63,0.89,1-3,Grass,Windy,Frances Tiafoe
2022-07-09,Holger Rune,Daniil Medvedev,8,14,0.53,0.45,4-1,Grass,Cloudy,Holger Rune
2022-07-19,Frances Tiafoe,Andrey Rublev,9,6,0.81,0.67,5-5,Grass,Rainy,Frances Tiafoe
2022-06-24,Holger Rune,Taylor Fritz,19,3,0.49,0.82,1-3,Grass,Windy,Taylor Fritz
2022-07-16,Carlos Alcaraz,Novak Djokovic,7,17,0.62,0.76,4-5,Grass,Windy,Novak Djokovic
2022-07-18,Daniil Medvedev,Taylor Fritz,4,6,0.78,0.64,3-4,Grass,Sunny,Daniil Medvedev
2022-07-18,Andrey Rublev,Hubert Hurkacz,4,3,0.93,0.66,3-5,Grass,Cloudy,Hubert Hurkacz
2022-07-17,Taylor Fritz,Andrey Rublev,1,14,0.81,0.64,4-3,Grass,Rainy,Taylor Fritz
2022-07-08,Novak Djokovic,Andrey Rublev,14,8,0.74,0.83,3-3,Grass,Rainy,Andrey Rublev
2022-07-14,Hubert Hurkacz,Taylor Fritz,4,14,0.71,0.53,1-2,Grass,Windy,Hubert Hurkacz
2022-06-26,Jannik Sinner,Carlos Alcaraz,10,20,0.7,0.48,4-3,Grass,Rainy,Jannik Sinner
2022-07-02,Novak Djokovic,Hubert Hurkacz,19,17,0.76,0.59,0-4,Grass,Sunny,Hubert Hurkacz
2022-07-03,Frances Tiafoe,Jannik Sinner,11,14,0.6,0.63,2-0,Grass,Cloudy,Frances Tiafoe
2022-07-09,Frances Tiafoe,Taylor Fritz,9,9,0.53,0.56,4-3,Grass,Rainy,Frances Tiafoe
2022-06-25,Alexander Zverev,Frances Tiafoe,13,7,0.74,0.61,3-4,Grass,Windy,Frances Tiafoe
2022-07-14,Stefanos Tsitsipas,Andrey Rublev,18,16,0.47,0.64,2-2,Grass,Rainy,Andrey Rublev
2022-07-15,Hubert Hurkacz,Casper Ruud,5,4,0.82,0.78,5-1,Grass,Windy,Hubert Hurkacz
2022-07-15,Hubert Hurkacz,Daniil Medvedev,4,7,0.81,0.6,4-3,Grass,Rainy,Hubert Hurkacz
2022-07-15,Andrey Rublev,Taylor Fritz,2,6,0.59,0.84,3-5,Grass,Sunny,Taylor Fritz
2022-06-28,Carlos Alcaraz,Daniil Medvedev,16,20,0.56,0.52,3-0,Grass,Sunny,Carlos Alcaraz
2022-07-19,Jannik Sinner,Stefanos Tsitsipas,3,20,0.85,0.61,0-5,Grass,Windy,Stefanos Tsitsipas
2022-07-20,Casper Ruud,Taylor Fritz,17,10,0.63,0.87,5-4,Grass,Sunny,Taylor Fritz
2022-06-26,Daniil Medvedev,Frances Tiafoe,16,15,0.53,0.69,0-1,Grass,Rainy,Frances Tiafoe
2022-07-11,Novak Djokovic,Taylor Fritz,17,17,0.59,0.61,5-1,Grass,Cloudy,Novak Djokovic
2022-07-14,Novak Djokovic,Stefanos Tsitsipas,8,1,0.82,0.79,1-0,Grass,Rainy,Stefanos Tsitsipas
2022-07-13,Casper Ruud,Stefanos Tsitsipas,13,13,0.67,0.73,4-1,Grass,Sunny,Casper Ruud
2022-07-01,Hubert Hurkacz,Carlos Alcaraz,3,18,0.68,0.49,2-5,Grass,Rainy,Carlos Alcaraz
2022-06-28,Alexander Zverev,Jannik Sinner,20,7,0.45,0.48,3-3,Grass,Sunny,Jannik Sinner
2022-06-30,Daniil Medvedev,Casper Ruud,17,4,0.79,0.6,4-0,Grass,Rainy,Daniil Medvedev
2022-07-20,Carlos Alcaraz,Andrey Rublev,9,18,0.64,0.54,4-2,Grass,Windy,Carlos Alcaraz
2022-07-18,Casper Ruud,Taylor Fritz,16,8,0.62,0.75,2-3,Grass,Windy,Taylor Fritz
2022-07-10,Taylor Fritz,Novak Djokovic,16,4,0.68,0.65,2-0,Grass,Windy,Taylor Fritz
2022-07-12,Jannik Sinner,Frances Tiafoe,8,11,0.65,0.67,3-2,Grass,Sunny,Jannik Sinner
2022-06-22,Alexander Zverev,Jannik Sinner,10,3,0.63,0.88,3-5,Grass,Rainy,Jannik Sinner
2022-06-25,Andrey Rublev,Daniil Medvedev,16,11,0.64,0.71,2-1,Grass,Rainy,Andrey Rublev
2022-07-13,Hubert Hurkacz,Frances Tiafoe,7,16,0.75,0.71,5-1,Grass,Cloudy,Hubert Hurkacz
2022-06-24,Jannik Sinner,Alexander Zverev,7,8,0.7,0.54,1-1,Grass,Rainy,Jannik Sinner
2022-07-17,Carlos Alcaraz,Hubert Hurkacz,3,16,0.76,0.52,4-0,Grass,Sunny,Carlos Alcaraz
2022-07-05,Holger Rune,Stefanos Tsitsipas,20,11,0.5,0.7,3-4,Grass,Rainy,Stefanos Tsitsipas
2022-06-21,Daniil Medvedev,Andrey Rublev,9,13,0.78,0.62,1-4,Grass,Cloudy,Andrey Rublev
2022-07-02,Andrey Rublev,Casper Ruud,16,18,0.62,0.74,0-4,Grass,Rainy,Casper Ruud
2022-06-30,Frances Tiafoe,Daniil Medvedev,15,4,0.62,0.97,5-4,Grass,Windy,Daniil Medvedev
2022-06-30,Hubert Hurkacz,Novak Djokovic,1,7,0.8,0.5,3-4,Grass,Sunny,Hubert Hurkacz
2022-06-28,Stefanos Tsitsipas,Taylor Fritz,9,6,0.74,0.73,4-2,Grass,Cloudy,Stefanos Tsitsipas
2022-06-26,Holger Rune,Taylor Fritz,11,12,0.77,0.7,1-3,Grass,Windy,Taylor Fritz
2022-07-08,Casper Ruud,Stefanos Tsitsipas,12,13,0.62,0.5,2-3,Grass,Cloudy,Stefanos Tsitsipas
2022-07-07,Daniil Medvedev,Taylor Fritz,8,4,0.65,0.62,5-2,Grass,Cloudy,Daniil Medvedev
2022-07-15,Casper Ruud,Hubert Hurkacz,7,5,0.62,0.76,5-1,Grass,Windy,Casper Ruud
2022-07-15,Novak Djokovic,Daniil Medvedev,14,16,0.78,0.63,1-5,Grass,Rainy,Daniil Medvedev
2022-06-23,Holger Rune,Alexander Zverev,9,18,0.54,0.61,4-0,Grass,Windy,Holger Rune
2022-07-04,Hubert Hurkacz,Daniil Medvedev,2,7,0.85,0.62,2-3,Grass,Sunny,Hubert Hurkacz
2022-07-01,Hubert Hurkacz,Stefanos Tsitsipas,9,12,0.65,0.63,2-4,Grass,Rainy,Stefanos Tsitsipas
2022-07-08,Novak Djokovic,Casper Ruud,4,12,0.63,0.69,5-4,Grass,Cloudy,Novak Djokovic
2022-07-11,Taylor Fritz,Frances Tiafoe,18,6,0.56,0.73,2-2,Grass,Rainy,Frances Tiafoe
2022-07-04,Andrey Rublev,Holger Rune,15,3,0.51,0.68,3-4,Grass,Rainy,Holger Rune
2022-07-17,Frances Tiafoe,Daniil Medvedev,6,11,0.76,0.6,3-5,Grass,Windy,Daniil Medvedev
2022-07-10,Carlos Alcaraz,Hubert Hurkacz,6,11,0.86,0.6,1-2,Grass,Rainy,Carlos Alcaraz
2022-07-13,Alexander Zverev,Hubert Hurkacz,20,13,0.57,0.71,2-3,Grass,Rainy,Hubert Hurkacz
2022-06-24,Taylor Fritz,Andrey Rublev,15,14,0.46,0.43,1-1,Grass,Sunny,Taylor Fritz
2022-06-23,Hubert Hurkacz,Jannik Sinner,9,3,0.51,0.85,1-1,Grass,Windy,Jannik Sinner
2022-07-06,Carlos Alcaraz,Hubert Hurkacz,16,18,0.53,0.83,0-0,Grass,Windy,Hubert Hurkacz
2022-06-29,Carlos Alcaraz,Hubert Hurkacz,9,20,0.6,0.57,1-0,Grass,Windy,Carlos Alcaraz
2022-07-06,Jannik Sinner,Hubert Hurkacz,10,15,0.8,0.8,5-1,Grass,Cloudy,Jannik Sinner
2022-07-17,Daniil Medvedev,Novak Djokovic,2,12,0.94,0.75,2-3,Grass,Windy,Daniil Medvedev
2022-07-08,Andrey Rublev,Alexander Zverev,18,15,0.67,0.66,1-5,Grass,Cloudy,Alexander Zverev
2022-07-19,Taylor Fritz,Holger Rune,19,14,0.64,0.55,4-5,Grass,Rainy,Holger Rune
2022-07-01,Stefanos Tsitsipas,Holger Rune,18,8,0.49,0.67,0-3,Grass,Rainy,Holger Rune
2022-07-01,Casper Ruud,Alexander Zverev,5,10,0.68,0.6,0-0,Grass,Cloudy,Casper Ruud
2022-06-29,Alexander Zverev,Holger Rune,18,1,0.64,0.84,5-3,Grass,Windy,Holger Rune
2022-06-26,Novak Djokovic,Casper Ruud,10,20,0.66,0.7,1-0,Grass,Rainy,Novak Djokovic
2022-07-16,Casper Ruud,Andrey Rublev,14,13,0.5,0.6,1-1,Grass,Windy,Andrey Rublev
2022-07-06,Casper Ruud,Jannik Sinner,9,3,0.59,0.53,3-5,Grass,Cloudy,Jannik Sinner
2022-07-03,Taylor Fritz,Frances Tiafoe,9,10,0.65,0.64,5-5,Grass,Rainy,Taylor Fritz
2022-07-09,Jannik Sinner,Carlos Alcaraz,6,5,0.84,0.76,2-0,Grass,Windy,Jannik Sinner
2022-06-24,Holger Rune,Alexander Zverev,20,16,0.45,0.78,1-2,Grass,Sunny,Alexander Zverev
2022-06-24,Novak Djokovic,Andrey Rublev,1,6,0.86,0.75,0-2,Grass,Rainy,Novak Djokovic
2022-07-05,Hubert Hurkacz,Holger Rune,1,8,0.72,0.57,0-1,Grass,Sunny,Hubert Hurkacz
2022-07-12,Jannik Sinner,Stefanos Tsitsipas,14,10,0.57,0.76,3-2,Grass,Windy,Stefanos Tsitsipas
2022-06-22,Novak Djokovic,Stefanos Tsitsipas,3,5,0.91,0.85,0-2,Grass,Windy,Stefanos Tsitsipas
2022-06-23,Andrey Rublev,Holger Rune,6,7,0.64,0.57,2-3,Grass,Sunny,Holger Rune
2022-06-26,Hubert Hurkacz,Jannik Sinner,13,15,0.63,0.42,1-5,Grass,Sunny,Jannik Sinner
2022-07-19,Holger Rune,Carlos Alcaraz,17,7,0.61,0.67,3-3,Grass,Rainy,Carlos Alcaraz
2022-07-05,Stefanos Tsitsipas,Daniil Medvedev,2,18,0.68,0.41,4-0,Grass,Rainy,Stefanos Tsitsipas
2022-06-23,Frances Tiafoe,Alexander Zverev,7,12,0.73,0.58,0-5,Grass,Cloudy,Alexander Zverev
2022-07-08,Jannik Sinner,Frances Tiafoe,14,11,0.49,0.35,0-1,Grass,Rainy,Frances Tiafoe
2022-07-12,Carlos Alcaraz,Casper Ruud,8,1,0.67,0.92,0-4,Grass,Windy,Casper Ruud
2022-06-22,Taylor Fritz,Daniil Medvedev,12,3,0.8,0.67,1-1,Grass,Windy,Daniil Medvedev
2022-07-12,Frances Tiafoe,Taylor Fritz,11,2,0.58,0.78,0-2,Grass,Cloudy,Taylor Fritz
2022-07-15,Andrey Rublev,Carlos Alcaraz,5,16,0.6,0.62,1-2,Grass,Rainy,Carlos Alcaraz
2022-06-28,Holger Rune,Jannik Sinner,1,13,0.82,0.74,2-5,Grass,Cloudy,Holger Rune
2022-06-26,Novak Djokovic,Holger Rune,15,18,0.59,0.55,2-4,Grass,Windy,Holger Rune
2022-06-28,Taylor Fritz,Daniil Medvedev,18,12,0.48,0.55,2-5,Grass,Windy,Daniil Medvedev
2022-06-29,Taylor Fritz,Andrey Rublev,6,3,0.67,0.76,4-1,Grass,Windy,Taylor Fritz
2022-07-13,Alexander Zverev,Andrey Rublev,12,15,0.72,0.52,0-5,Grass,Windy,Andrey Rublev
2022-07-13,Daniil Medvedev,Novak Djokovic,20,12,0.7,0.6,4-1,Grass,Rainy,Daniil Medvedev
2022-07-14,Carlos Alcaraz,Frances Tiafoe,18,13,0.57,0.55,1-4,Grass,Windy,Frances Tiafoe
2022-06-23,Andrey Rublev,Daniil Medvedev,20,10,0.31,0.74,2-3,Grass,Rainy,Daniil Medvedev
2022-06-26,Carlos Alcaraz,Andrey Rublev,3,2,0.79,0.7,1-1,Grass,Sunny,Andrey Rublev
2022-07-11,Carlos Alcaraz,Holger Rune,7,4,0.69,0.76,0-4,Grass,Windy,Holger Rune
2022-06-27,Holger Rune,Andrey Rublev,20,19,0.39,0.51,2-0,Grass,Rainy,Holger Rune
2022-07-04,Taylor Fritz,Carlos Alcaraz,1,7,0.82,0.55,5-3,Grass,Sunny,Taylor Fritz
2022-07-15,Frances Tiafoe,Novak Djokovic,12,18,0.66,0.43,5-3,Grass,Rainy,Frances Tiafoe
2022-07-16,Hubert Hurkacz,Novak Djokovic,20,9,0.6,0.66,4-0,Grass,Sunny,Hubert Hurkacz
2022-07-07,Alexander Zverev,Carlos Alcaraz,7,17,0.52,0.7,0-0,Grass,Cloudy,Carlos Alcaraz
2022-07-07,Casper Ruud,Jannik Sinner,7,17,0.61,0.5,5-1,Grass,Cloudy,Casper Ruud
2022-07-11,Hubert Hurkacz,Andrey Rublev,14,4,0.63,0.82,5-4,Grass,Rainy,Andrey Rublev
2022-07-06,Holger Rune,Frances Tiafoe,14,4,0.51,0.72,1-1,Grass,Windy,Frances Tiafoe
2022-07-18,Stefanos Tsitsipas,Frances Tiafoe,6,18,0.73,0.64,4-3,Grass,Rainy,Stefanos Tsitsipas
2022-07-16,Stefanos Tsitsipas,Andrey Rublev,11,12,0.66,0.59,3-5,Grass,Windy,Andrey Rublev
2022-07-02,Hubert Hurkacz,Stefanos Tsitsipas,20,8,0.47,0.68,4-4,Grass,Cloudy,Stefanos Tsitsipas
2022-07-13,Andrey Rublev,Alexander Zverev,12,15,0.52,0.31,3-3,Grass,Sunny,Andrey Rublev
2022-06-20,Novak Djokovic,Alexander Zverev,20,1,0.59,0.83,4-1,Grass,Rainy,Alexander Zverev
2022-07-19,Alexander Zverev,Jannik Sinner,7,11,0.44,0.54,0-5,Grass,Rainy,Jannik Sinner
2022-06-21,Andrey Rublev,Hubert Hurkacz,18,19,0.63,0.77,4-1,Grass,Sunny,Andrey Rublev
2022-06-27,Holger Rune,Stefanos Tsitsipas,5,5,0.7,0.63,2-2,Grass,Cloudy,Holger Rune
2022-07-13,Alexander Zverev,Hubert Hurkacz,3,19,0.7,0.7,3-4,Grass,Cloudy,Alexander Zverev
2022-07-09,Carlos Alcaraz,Stefanos Tsitsipas,16,6,0.53,0.61,3-5,Grass,Sunny,Stefanos Tsitsipas
2022-07-19,Frances Tiafoe,Alexander Zverev,2,19,0.68,0.46,3-0,Grass,Sunny,Frances Tiafoe
2022-07-10,Stefanos Tsitsipas,Hubert Hurkacz,14,14,0.62,0.77,0-1,Grass,Sunny,Hubert Hurkacz
2022-07-07,Frances Tiafoe,Casper Ruud,2,10,0.76,0.62,4-0,Grass,Rainy,Frances Tiafoe
2022-06-21,Taylor Fritz,Daniil Medvedev,11,17,0.61,0.42,5-1,Grass,Cloudy,Taylor Fritz
2022-06-27,Frances Tiafoe,Casper Ruud,15,20,0.69,0.54,4-4,Grass,Sunny,Frances Tiafoe
2022-07-05,Casper Ruud,Alexander Zverev,13,5,0.6,1.0,1-2,Grass,Sunny,Alexander Zverev
2022-07-06,Taylor Fritz,Novak Djokovic,18,13,0.6,0.54,2-0,Grass,Windy,Taylor Fritz
2022-07-02,Casper Ruud,Daniil Medvedev,5,16,0.66,0.7,4-1,Grass,Windy,Casper Ruud
2022-06-27,Frances Tiafoe,Taylor Fritz,7,18,0.69,0.43,4-5,Grass,Cloudy,Frances Tiafoe
2022-06-23,Carlos Alcaraz,Alexander Zverev,14,11,0.7,0.57,5-4,Grass,Sunny,Carlos Alcaraz
2022-07-01,Frances Tiafoe,Casper Ruud,14,12,0.8,0.74,2-1,Grass,Rainy,Frances Tiafoe
2022-07-09,Taylor Fritz,Frances Tiafoe,1,10,0.7,0.78,1-2,Grass,Windy,Taylor Fritz
2022-06-24,Daniil Medvedev,Holger Rune,2,8,0.74,0.76,1-5,Grass,Rainy,Holger Rune
2022-07-17,Hubert Hurkacz,Carlos Alcaraz,4,2,0.76,0.65,1-4,Grass,Cloudy,Carlos Alcaraz
2022-06-20,Alexander Zverev,Novak Djokovic,11,4,0.58,0.81,2-3,Grass,Windy,Novak Djokovic
2022-07-07,Stefanos Tsitsipas,Jannik Sinner,18,7,0.54,0.64,1-4,Grass,Rainy,Jannik Sinner
2022-06-28,Holger Rune,Taylor Fritz,5,1,0.6,0.78,3-4,Grass,Sunny,Taylor Fritz
2022-06-21,Daniil Medvedev,Novak Djokovic,10,7,0.86,0.57,5-4,Grass,Rainy,Daniil Medvedev
2022-07-11,Holger Rune,Frances Tiafoe,1,3,0.74,0.86,3-5,Grass,Rainy,Frances Tiafoe
2022-06-27,Frances Tiafoe,Stefanos Tsitsipas,4,1,0.7,0.79,2-5,Grass,Windy,Stefanos Tsitsipas
2022-06-25,Casper Ruud,Andrey Rublev,4,11,0.6,0.68,3-4,Grass,Sunny,Andrey Rublev
2022-06-27,Jannik Sinner,Andrey Rublev,15,18,0.58,0.67,5-0,Grass,Sunny,Jannik Sinner
2022-06-20,Andrey Rublev,Alexander Zverev,11,16,0.76,0.85,3-5,Grass,Cloudy,Alexander Zverev
2022-07-06,Stefanos Tsitsipas,Frances Tiafoe,12,12,0.69,0.66,5-2,Grass,Cloudy,Stefanos Tsitsipas
2022-06-27,Alexander Zverev,Novak Djokovic,9,13,0.68,0.58,0-4,Grass,Rainy,Novak Djokovic
2022-07-06,Daniil Medvedev,Stefanos Tsitsipas,13,5,0.65,0.67,0-5,Grass,Windy,Stefanos Tsitsipas
2022-07-03,Frances Tiafoe,Taylor Fritz,8,14,0.69,0.74,1-4,Grass,Cloudy,Taylor Fritz
2022-07-10,Alexander Zverev,Taylor Fritz,11,15,0.54,0.71,4-1,Grass,Cloudy,Alexander Zverev
2022-07-03,Daniil Medvedev,Taylor Fritz,18,7,0.7,0.67,1-2,Grass,Cloudy,Taylor Fritz
2022-06-25,Daniil Medvedev,Frances Tiafoe,19,6,0.35,0.63,2-0,Grass,Sunny,Frances Tiafoe
2022-07-04,Stefanos Tsitsipas,Daniil Medvedev,1,11,0.87,0.64,3-3,Grass,Rainy,Stefanos Tsitsipas
2022-06-25,Hubert Hurkacz,Frances Tiafoe,9,5,0.56,0.65,1-0,Grass,Cloudy,Hubert Hurkacz
2022-07-09,Novak Djokovic,Taylor Fritz,20,9,0.63,0.71,4-4,Grass,Cloudy,Taylor Fritz
2022-06-24,Jannik Sinner,Hubert Hurkacz,1,12,0.72,0.59,0-5,Grass,Windy,Hubert Hurkacz
2022-07-05,Andrey Rublev,Taylor Fritz,16,12,0.55,0.54,1-3,Grass,Windy,Taylor Fritz
2022-07-19,Daniil Medvedev,Hubert Hurkacz,7,8,0.84,0.64,0-3,Grass,Sunny,Hubert Hurkacz
2022-07-19,Alexander Zverev,Casper Ruud,8,7,0.79,0.83,1-0,Grass,Cloudy,Alexander Zverev
2022-07-02,Holger Rune,Taylor Fritz,16,11,0.69,0.6,3-1,Grass,Windy,Holger Rune
2022-07-06,Novak Djokovic,Taylor Fritz,13,11,0.66,0.64,3-4,Grass,Sunny,Taylor Fritz
2022-07-13,Carlos Alcaraz,Holger Rune,15,2,0.51,0.76,1-4,Grass,Windy,Holger Rune
2022-06-29,Novak Djokovic,Andrey Rublev,13,17,0.5,0.7,5-0,Grass,Cloudy,Novak Djokovic
2022-06-29,Holger Rune,Casper Ruud,10,10,0.6,0.67,3-1,Grass,Windy,Holger Rune
2022-06-22,Taylor Fritz,Novak Djokovic,17,5,0.61,0.67,3-5,Grass,Windy,Novak Djokovic
2022-07-02,Hubert Hurkacz,Andrey Rublev,4,6,0.77,0.64,4-5,Grass,Cloudy,Hubert Hurkacz
2022-07-18,Casper Ruud,Stefanos Tsitsipas,15,1,0.69,0.61,1-3,Grass,Cloudy,Stefanos Tsitsipas
2022-07-12,Holger Rune,Carlos Alcaraz,9,11,0.67,0.83,5-5,Grass,Cloudy,Carlos Alcaraz
2022-06-22,Hubert Hurkacz,Carlos Alcaraz,3,4,0.62,0.64,5-3,Grass,Rainy,Hubert Hurkacz
2022-06-21,Andrey Rublev,Casper Ruud,17,20,0.63,0.57,1-3,Grass,Windy,Casper Ruud
2022-07-14,Daniil Medvedev,Stefanos Tsitsipas,19,5,0.6,0.75,1-1,Grass,Cloudy,Stefanos Tsitsipas
2022-06-29,Hubert Hurkacz,Novak Djokovic,14,10,0.67,0.76,2-5,Grass,Windy,Novak Djokovic
2022-06-20,Frances Tiafoe,Daniil Medvedev,4,5,0.75,0.68,1-0,Grass,Rainy,Frances Tiafoe
2022-06-27,Holger Rune,Hubert Hurkacz,16,18,0.66,0.76,0-4,Grass,Windy,Hubert Hurkacz
2022-07-09,Jannik Sinner,Taylor Fritz,16,15,0.58,0.5,3-3,Grass,Sunny,Jannik Sinner
2022-06-21,Taylor Fritz,Novak Djokovic,8,18,0.78,0.56,2-4,Grass,Cloudy,Novak Djokovic
2022-07-11,Daniil Medvedev,Hubert Hurkacz,2,12,0.51,0.71,0-1,Grass,Sunny,Hubert Hurkacz
2022-07-03,Taylor Fritz,Hubert Hurkacz,10,11,0.6,0.63,0-0,Grass,Sunny,Hubert Hurkacz
2022-07-20,Daniil Medvedev,Hubert Hurkacz,10,20,0.68,0.57,5-5,Grass,Cloudy,Daniil Medvedev
2022-07-01,Holger Rune,Taylor Fritz,12,2,0.7,0.69,0-2,Grass,Rainy,Taylor Fritz
2022-06-24,Casper Ruud,Carlos Alcaraz,14,18,0.66,0.54,0-2,Grass,Windy,Carlos Alcaraz
2022-07-12,Carlos Alcaraz,Alexander Zverev,11,17,0.71,0.64,3-4,Grass,Cloudy,Alexander Zverev
2022-07-05,Jannik Sinner,Taylor Fritz,2,4,0.64,0.82,4-5,Grass,Sunny,Taylor Fritz
2022-07-06,Hubert Hurkacz,Taylor Fritz,10,14,0.6,0.69,4-2,Grass,Rainy,Hubert Hurkacz
2022-07-06,Taylor Fritz,Hubert Hurkacz,12,5,0.67,0.88,4-4,Grass,Windy,Hubert Hurkacz
2022-07-12,Hubert Hurkacz,Frances Tiafoe,16,16,0.57,0.56,1-4,Grass,Cloudy,Frances Tiafoe
2022-07-13,Alexander Zverev,Jannik Sinner,1,4,0.74,0.68,0-3,Grass,Sunny,Alexander Zverev
2022-07-07,Jannik Sinner,Taylor Fritz,14,14,0.69,0.45,0-2,Grass,Rainy,Taylor Fritz
2022-07-15,Frances Tiafoe,Jannik Sinner,1,7,0.63,0.57,5-2,Grass,Rainy,Frances Tiafoe
2022-06-23,Carlos Alcaraz,Alexander Zverev,10,17,0.75,0.75,4-2,Grass,Sunny,Carlos Alcaraz
2022-07-16,Frances Tiafoe,Stefanos Tsitsipas,11,13,0.63,0.6,5-4,Grass,Sunny,Frances Tiafoe
2022-07-15,Daniil Medvedev,Jannik Sinner,11,11,0.65,0.76,5-3,Grass,Windy,Daniil Medvedev
2022-07-18,Novak Djokovic,Frances Tiafoe,5,16,0.61,0.61,1-5,Grass,Windy,Frances Tiafoe
2022-07-08,Andrey Rublev,Stefanos Tsitsipas,15,14,0.7,0.66,5-0,Grass,Rainy,Andrey Rublev
2022-07-08,Hubert Hurkacz,Frances Tiafoe,11,18,0.66,0.67,4-0,Grass,Cloudy,Hubert Hurkacz
2022-06-30,Frances Tiafoe,Stefanos Tsitsipas,12,3,0.36,0.79,1-2,Grass,Sunny,Stefanos Tsitsipas
2022-06-25,Casper Ruud,Frances Tiafoe,18,6,0.5,0.51,4-4,Grass,Windy,Frances Tiafoe
2022-07-03,Taylor Fritz,Carlos Alcaraz,10,11,0.7,0.78,5-0,Grass,Rainy,Taylor Fritz
2022-07-06,Carlos Alcaraz,Holger Rune,8,12,0.66,0.73,3-2,Grass,Cloudy,Carlos Alcaraz
2022-07-04,Alexander Zverev,Daniil Medvedev,4,12,0.87,0.76,0-1,Grass,Sunny,Alexander Zverev
2022-07-19,Andrey Rublev,Novak Djokovic,16,17,0.75,0.65,1-1,Grass,Rainy,Andrey Rublev
2022-06-26,Holger Rune,Andrey Rublev,10,11,0.66,0.48,1-0,Grass,Cloudy,Holger Rune
2022-06-20,Hubert Hurkacz,Novak Djokovic,15,13,0.58,0.54,5-4,Grass,Sunny,Hubert Hurkacz
2022-06-23,Alexander Zverev,Novak Djokovic,20,3,0.77,0.7,2-3,Grass,Sunny,Novak Djokovic
2022-06-30,Andrey Rublev,Frances Tiafoe,10,1,0.66,0.8,4-2,Grass,Cloudy,Frances Tiafoe
2022-07-11,Jannik Sinner,Hubert Hurkacz,10,9,0.65,0.83,4-2,Grass,Windy,Jannik Sinner
2022-07-20,Carlos Alcaraz,Alexander Zverev,5,6,0.64,0.71,2-0,Grass,Sunny,Carlos Alcaraz
2022-07-07,Taylor Fritz,Andrey Rublev,17,4,0.51,0.58,1-4,Grass,Rainy,Andrey Rublev
2022-06-22,Stefanos Tsitsipas,Alexander Zverev,5,10,0.64,0.65,4-1,Grass,Cloudy,Stefanos Tsitsipas
2022-06-20,Alexander Zverev,Taylor Fritz,11,18,0.6,0.5,3-0,Grass,Cloudy,Alexander Zverev
2022-07-03,Holger Rune,Frances Tiafoe,2,4,0.59,0.7,3-0,Grass,Sunny,Holger Rune
2022-07-09,Casper Ruud,Daniil Medvedev,20,19,0.4,0.64,5-5,Grass,Windy,Daniil Medvedev
2022-07-19,Stefanos Tsitsipas,Alexander Zverev,11,7,0.65,0.53,5-5,Grass,Sunny,Stefanos Tsitsipas
2022-07-04,Holger Rune,Taylor Fritz,5,3,0.67,0.64,5-3,Grass,Sunny,Holger Rune
2022-07-17,Alexander Zverev,Frances Tiafoe,15,16,0.63,0.72,1-1,Grass,Cloudy,Frances Tiafoe
2022-07-15,Taylor Fritz,Alexander Zverev,12,13,0.44,0.63,1-5,Grass,Rainy,Alexander Zverev
2022-07-01,Stefanos Tsitsipas,Holger Rune,16,1,0.57,0.81,0-3,Grass,Sunny,Holger Rune
2022-07-06,Holger Rune,Hubert Hurkacz,6,10,0.71,0.57,2-4,Grass,Cloudy,Hubert Hurkacz
2022-07-15,Carlos Alcaraz,Casper Ruud,4,11,0.68,0.56,4-5,Grass,Sunny,Carlos Alcaraz
2022-07-09,Alexander Zverev,Andrey Rublev,15,13,0.71,0.62,4-3,Grass,Cloudy,Alexander Zverev
2022-06-26,Jannik Sinner,Andrey Rublev,6,16,0.88,0.58,3-0,Grass,Rainy,Jannik Sinner
2022-06-25,Hubert Hurkacz,Taylor Fritz,14,14,0.54,0.46,4-2,Grass,Cloudy,Hubert Hurkacz
2022-06-30,Frances Tiafoe,Hubert Hurkacz,3,19,0.54,0.4,3-0,Grass,Windy,Frances Tiafoe
2022-07-09,Andrey Rublev,Carlos Alcaraz,15,6,0.63,0.74,2-3,Grass,Sunny,Carlos Alcaraz
2022-06-22,Carlos Alcaraz,Frances Tiafoe,20,13,0.39,0.71,2-3,Grass,Sunny,Frances Tiafoe
2022-07-04,Jannik Sinner,Daniil Medvedev,19,1,0.51,0.75,1-5,Grass,Cloudy,Daniil Medvedev
2022-06-26,Andrey Rublev,Alexander Zverev,13,20,0.78,0.64,4-3,Grass,Cloudy,Andrey Rublev
2022-07-12,Frances Tiafoe,Stefanos Tsitsipas,10,19,0.62,0.47,5-2,Grass,Windy,Frances Tiafoe
2022-07-17,Stefanos Tsitsipas,Carlos Alcaraz,19,1,0.34,0.67,4-4,Grass,Windy,Carlos Alcaraz
2022-07-12,Daniil Medvedev,Alexander Zverev,2,12,0.71,0.53,4-0,Grass,Sunny,Daniil Medvedev
2022-07-12,Andrey Rublev,Stefanos Tsitsipas,4,10,0.7,0.66,0-1,Grass,Windy,Stefanos Tsitsipas
2022-07-07,Taylor Fritz,Casper Ruud,11,13,0.62,0.55,3-3,Grass,Windy,Taylor Fritz
2022-07-16,Jannik Sinner,Frances Tiafoe,6,16,0.71,0.63,1-1,Grass,Windy,Jannik Sinner
2022-06-20,Stefanos Tsitsipas,Casper Ruud,5,10,0.59,0.79,5-1,Grass,Cloudy,Stefanos Tsitsipas
2022-06-24,Carlos Alcaraz,Frances Tiafoe,1,5,0.73,0.7,5-3,Grass,Windy,Carlos Alcaraz
2022-07-09,Carlos Alcaraz,Daniil Medvedev,14,15,0.68,0.62,5-4,Grass,Windy,Carlos Alcaraz
2022-07-01,Daniil Medvedev,Holger Rune,17,14,0.68,0.64,4-3,Grass,Windy,Daniil Medvedev
2022-07-17,Jannik Sinner,Daniil Medvedev,14,20,0.55,0.59,0-4,Grass,Windy,Daniil Medvedev
2022-06-21,Hubert Hurkacz,Jannik Sinner,17,9,0.47,0.67,3-4,Grass,Rainy,Jannik Sinner
2022-07-20,Novak Djokovic,Taylor Fritz,16,12,0.59,0.61,0-4,Grass,Windy,Taylor Fritz
2022-07-06,Hubert Hurkacz,Carlos Alcaraz,5,17,0.69,0.39,2-3,Grass,Sunny,Hubert Hurkacz
2022-07-11,Taylor Fritz,Carlos Alcaraz,8,16,0.62,0.6,5-5,Grass,Sunny,Taylor Fritz
2022-07-07,Frances Tiafoe,Andrey Rublev,19,10,0.58,0.55,4-0,Grass,Rainy,Frances Tiafoe
2022-07-03,Novak Djokovic,Holger Rune,15,17,0.73,0.49,3-4,Grass,Rainy,Novak Djokovic
2022-07-13,Stefanos Tsitsipas,Alexander Zverev,10,6,0.75,0.73,0-5,Grass,Rainy,Alexander Zverev
2022-07-11,Taylor Fritz,Alexander Zverev,2,16,0.67,0.77,4-1,Grass,Sunny,Taylor Fritz
2022-07-06,Alexander Zverev,Taylor Fritz,1,10,0.62,0.74,3-0,Grass,Cloudy,Alexander Zverev
2022-07-17,Carlos Alcaraz,Alexander Zverev,9,5,0.76,0.63,4-2,Grass,Rainy,Carlos Alcaraz
2022-07-11,Alexander Zverev,Novak Djokovic,4,20,0.85,0.52,1-4,Grass,Cloudy,Novak Djokovic
2022-06-25,Holger Rune,Stefanos Tsitsipas,6,9,0.72,0.69,5-1,Grass,Windy,Holger Rune
2022-07-16,Andrey Rublev,Novak Djokovic,11,3,0.63,0.8,1-4,Grass,Cloudy,Novak Djokovic
2022-06-26,Holger Rune,Casper Ruud,13,8,0.7,0.5,5-3,Grass,Cloudy,Holger Rune
2022-07-04,Taylor Fritz,Stefanos Tsitsipas,2,9,0.86,0.49,0-0,Grass,Cloudy,Taylor Fritz
2022-07-02,Casper Ruud,Holger Rune,10,16,0.75,0.7,5-4,Grass,Cloudy,Casper Ruud
2022-06-20,Frances Tiafoe,Casper Ruud,16,9,0.48,0.62,1-4,Grass,Windy,Casper Ruud
2022-06-23,Alexander Zverev,Holger Rune,13,11,0.51,0.62,4-5,Grass,Sunny,Holger Rune
2022-06-30,Andrey Rublev,Frances Tiafoe,12,14,0.6,0.69,4-5,Grass,Rainy,Frances Tiafoe
2022-07-04,Alexander Zverev,Hubert Hurkacz,4,9,0.84,0.8,5-4,Grass,Windy,Alexander Zverev
2022-06-30,Frances Tiafoe,Jannik Sinner,19,7,0.5,0.66,4-2,Grass,Cloudy,Frances Tiafoe
2022-07-06,Andrey Rublev,Novak Djokovic,1,3,0.57,0.64,0-3,Grass,Sunny,Novak Djokovic
2022-06-28,Carlos Alcaraz,Frances Tiafoe,15,12,0.7,0.79,1-5,Grass,Rainy,Frances Tiafoe
2022-07-20,Jannik Sinner,Novak Djokovic,1,20,0.62,0.49,0-0,Grass,Cloudy,Jannik Sinner
2022-07-02,Taylor Fritz,Frances Tiafoe,4,4,0.71,0.74,0-4,Grass,Cloudy,Frances Tiafoe
2022-06-28,Frances Tiafoe,Hubert Hurkacz,19,6,0.48,0.73,0-5,Grass,Cloudy,Hubert Hurkacz
2022-06-28,Alexander Zverev,Holger Rune,3,15,0.67,0.6,2-3,Grass,Rainy,Alexander Zverev
2022-06-21,Daniil Medvedev,Carlos Alcaraz,9,2,0.71,0.73,3-3,Grass,Rainy,Carlos Alcaraz
2022-07-09,Alexander Zverev,Hubert Hurkacz,6,15,0.65,0.59,0-3,Grass,Cloudy,Hubert Hurkacz
2022-06-26,Casper Ruud,Daniil Medvedev,16,4,0.58,0.67,1-4,Grass,Windy,Daniil Medvedev
2022-06-21,Taylor Fritz,Frances Tiafoe,4,15,0.68,0.76,5-2,Grass,Sunny,Taylor Fritz
2022-06-24,Carlos Alcaraz,Hubert Hurkacz,19,9,0.62,0.63,3-0,Grass,Windy,Carlos Alcaraz
2022-06-24,Frances Tiafoe,Hubert Hurkacz,1,2,0.81,0.7,5-3,Grass,Rainy,Frances Tiafoe
2022-07-05,Hubert Hurkacz,Stefanos Tsitsipas,13,19,0.74,0.6,0-4,Grass,Windy,Stefanos Tsitsipas
2022-07-20,Casper Ruud,Hubert Hurkacz,3,18,0.71,0.61,1-0,Grass,Windy,Casper Ruud
2022-07-11,Hubert Hurkacz,Holger Rune,4,19,0.55,0.45,4-2,Grass,Rainy,Hubert Hurkacz
2022-06-22,Alexander Zverev,Casper Ruud,2,3,0.61,0.73,2-4,Grass,Rainy,Casper Ruud
2022-07-11,Holger Rune,Alexander Zverev,7,6,0.85,0.91,4-0,Grass,Windy,Holger Rune
2022-07-05,Jannik Sinner,Alexander Zverev,13,4,0.68,0.76,5-5,Grass,Rainy,Alexander Zverev
2022-06-20,Carlos Alcaraz,Frances Tiafoe,15,7,0.42,0.63,1-0,Grass,Cloudy,Frances Tiafoe
2022-07-05,Hubert Hurkacz,Taylor Fritz,8,16,0.59,0.53,3-0,Grass,Rainy,Hubert Hurkacz
2022-07-15,Andrey Rublev,Holger Rune,1,2,0.72,0.68,2-0,Grass,Rainy,Andrey Rublev
2022-07-20,Hubert Hurkacz,Novak Djokovic,13,4,0.42,0.78,1-5,Grass,Windy,Novak Djokovic
2022-07-13,Frances Tiafoe,Andrey Rublev,5,19,0.59,0.58,1-0,Grass,Sunny,Frances Tiafoe
2022-07-12,Daniil Medvedev,Holger Rune,1,16,0.95,0.5,4-0,Grass,Cloudy,Daniil Medvedev
2022-07-16,Frances Tiafoe,Daniil Medvedev,1,6,0.49,0.66,5-0,Grass,Rainy,Frances Tiafoe
2022-06-23,Carlos Alcaraz,Holger Rune,20,6,0.66,0.89,4-0,Grass,Sunny,Carlos Alcaraz
2022-06-30,Holger Rune,Taylor Fritz,20,8,0.43,0.72,0-1,Grass,Windy,Taylor Fritz
2022-06-30,Hubert Hurkacz,Frances Tiafoe,13,11,0.57,0.63,0-5,Grass,Cloudy,Frances Tiafoe
2022-06-28,Jannik Sinner,Novak Djokovic,19,6,0.82,0.54,2-0,Grass,Sunny,Jannik Sinner
2022-06-27,Daniil Medvedev,Casper Ruud,6,12,0.72,0.68,4-1,Grass,Windy,Daniil Medvedev
2022-07-14,Taylor Fritz,Novak Djokovic,5,4,0.81,0.72,5-4,Grass,Windy,Taylor Fritz
2022-07-19,Daniil Medvedev,Novak Djokovic,16,3,0.62,0.68,0-0,Grass,Cloudy,Novak Djokovic
2022-07-12,Carlos Alcaraz,Frances Tiafoe,19,10,0.59,0.62,3-5,Grass,Windy,Frances Tiafoe
2022-06-27,Daniil Medvedev,Jannik Sinner,5,9,0.76,0.62,4-3,Grass,Windy,Daniil Medvedev
2022-07-09,Daniil Medvedev,Taylor Fritz,2,20,0.77,0.55,1-5,Grass,Windy,Taylor Fritz
2022-06-26,Carlos Alcaraz,Frances Tiafoe,10,12,0.76,0.62,3-0,Grass,Cloudy,Carlos Alcaraz
2022-07-04,Carlos Alcaraz,Andrey Rublev,4,20,0.53,0.68,2-4,Grass,Cloudy,Andrey Rublev
2022-07-15,Frances Tiafoe,Hubert Hurkacz,7,9,0.59,0.59,0-1,Grass,Sunny,Hubert Hurkacz
2022-06-21,Daniil Medvedev,Frances Tiafoe,16,16,0.53,0.73,1-1,Grass,Sunny,Frances Tiafoe
2022-07-09,Frances Tiafoe,Stefanos Tsitsipas,10,7,0.44,0.99,3-2,Grass,Rainy,Stefanos Tsitsipas
2022-07-15,Holger Rune,Novak Djokovic,4,2,0.82,0.75,4-1,Grass,Cloudy,Holger Rune
2022-07-08,Novak Djokovic,Holger Rune,17,4,0.57,0.74,0-1,Grass,Windy,Holger Rune
2022-06-27,Taylor Fritz,Stefanos Tsitsipas,14,7,0.66,0.74,5-5,Grass,Rainy,Stefanos Tsitsipas
2022-07-17,Carlos Alcaraz,Stefanos Tsitsipas,8,4,0.73,0.72,1-5,Grass,Windy,Stefanos Tsitsipas
2022-06-21,Jannik Sinner,Casper Ruud,8,3,0.65,0.7,3-4,Grass,Windy,Casper Ruud
2022-07-01,Casper Ruud,Daniil Medvedev,7,20,0.66,0.66,3-1,Grass,Windy,Casper Ruud
2022-06-24,Daniil Medvedev,Holger Rune,7,12,0.74,0.34,2-1,Grass,Rainy,Daniil Medvedev
2022-07-04,Novak Djokovic,Taylor Fritz,2,9,0.8,0.68,1-0,Grass,Windy,Novak Djokovic
2022-07-15,Casper Ruud,Daniil Medvedev,11,8,0.64,0.63,2-4,Grass,Cloudy,Daniil Medvedev
2022-07-03,Frances Tiafoe,Taylor Fritz,6,19,0.8,0.65,4-1,Grass,Sunny,Frances Tiafoe
2022-06-20,Andrey Rublev,Holger Rune,7,19,0.6,0.6,3-3,Grass,Rainy,Andrey Rublev
2022-07-18,Hubert Hurkacz,Casper Ruud,8,8,0.57,0.53,2-3,Grass,Cloudy,Casper Ruud
2022-07-05,Taylor Fritz,Daniil Medvedev,19,1,0.5,0.83,3-0,Grass,Sunny,Daniil Medvedev
2022-07-15,Hubert Hurkacz,Andrey Rublev,2,14,0.83,0.66,4-3,Grass,Windy,Hubert Hurkacz
2022-07-12,Hubert Hurkacz,Carlos Alcaraz,15,16,0.67,0.64,1-0,Grass,Sunny,Hubert Hurkacz
2022-07-10,Hubert Hurkacz,Casper Ruud,7,5,0.62,0.74,2-2,Grass,Cloudy,Casper Ruud
2022-07-17,Carlos Alcaraz,Novak Djokovic,16,10,0.67,0.73,1-5,Grass,Windy,Novak Djokovic
2022-06-25,Taylor Fritz,Hubert Hurkacz,1,15,0.86,0.67,3-1,Grass,Windy,Taylor Fritz
2022-07-18,Stefanos Tsitsipas,Frances Tiafoe,15,1,0.64,0.85,5-0,Grass,Windy,Stefanos Tsitsipas
2022-07-12,Hubert Hurkacz,Stefanos Tsitsipas,17,2,0.58,0.64,2-3,Grass,Rainy,Stefanos Tsitsipas
2022-07-13,Taylor Fritz,Andrey Rublev,19,7,0.54,0.61,5-0,Grass,Rainy,Taylor Fritz
